source_image,output_image,class_id,class_name,prompt,seed,accepted,reject_reason,dry_run,bbox_pixel_diff,background_pixel_diff,background_ssim,lpips,verification_passed,verification_fail_reason,mask_padding,inference_steps,label_count_original,label_count_output,label_sanity_ok,output_exists,output_size_matches,nontrivial_image
/content/data/processed_pilot/base/images/train/01a9c84cf8d5523da74a5a3e3ddc535f.jpg,/content/data/processed_pilot/synthetic_inpaint/uniform/rejected/01a9c84cf8d5523da74a5a3e3ddc535f_uniform_c1_0000_s100042.jpg,1,A400M,"realistic sky background, natural lighting, aviation photography, high resolution, realistic clouds",100042,False,verification_failed:background_unchanged,False,7.098148345947266,6.531939506530762,0.9615006183952424,0.10231998562812805,False,background_unchanged,0.08,10,1,0,False,True,True,True
/content/data/processed_pilot/base/images/train/01eec1ab0a324ad589c8966ef232abc5.jpg,/content/data/processed_pilot/synthetic_inpaint/uniform/rejected/01eec1ab0a324ad589c8966ef232abc5_uniform_c1_0001_s100043.jpg,1,A400M,"realistic runway background, military airbase, natural lighting, aviation photography",100043,False,verification_failed:background_unchanged,False,6.733550071716309,7.3034491539001465,0.9011867338241124,0.13474589586257935,False,background_unchanged,0.08,10,1,0,False,True,True,True
/content/data/processed_pilot/base/images/train/05d59a12f6323d082b1cfd07a9673852.jpg,/content/data/processed_pilot/synthetic_inpaint/uniform/images/train/05d59a12f6323d082b1cfd07a9673852_uniform_c1_0002_s100044.jpg,1,A400M,"cloudy sky background, realistic atmosphere, aviation photography",100044,True,already_exists_verified,False,1.0886563062667847,15.357699394226074,0.8565452211827651,0.2789378762245178,True,,0.08,10,1,1,True,True,True,True
/content/data/processed_pilot/base/images/train/05ef1b83fab31eb6a2547c1b5c901873.jpg,/content/data/processed_pilot/synthetic_inpaint/uniform/images/train/05ef1b83fab31eb6a2547c1b5c901873_uniform_c1_0003_s100045.jpg,1,A400M,"clear blue sky, sunlight, realistic aircraft photography",100045,True,already_exists_verified,False,0.4816490411758423,13.286293983459473,0.7348810302489783,0.18348070979118347,True,,0.08,10,1,1,True,True,True,True
/content/data/processed_pilot/base/images/train/0819904ba018364295a314dc6d1dce9d.jpg,/content/data/processed_pilot/synthetic_inpaint/uniform/images/train/0819904ba018364295a314dc6d1dce9d_uniform_c1_0004_s100046.jpg,1,A400M,"realistic sky background, natural lighting, aviation photography, high resolution, realistic clouds",100046,True,already_exists_verified,False,0.3944408893585205,15.38869857788086,0.7527901833019236,0.10149060934782028,True,,0.08,10,1,1,True,True,True,True
/content/data/processed_pilot/base/images/train/09c31c9c8acf27ece476a67280b27a8f.jpg,/content/data/processed_pilot/synthetic_inpaint/uniform/images/train/09c31c9c8acf27ece476a67280b27a8f_uniform_c1_0005_s100047.jpg,1,A400M,"realistic runway background, military airbase, natural lighting, aviation photography",100047,True,already_exists_verified,False,1.364989995956421,15.212668418884277,0.8802604783750481,0.33945727348327637,True,,0.08,10,1,1,True,True,True,True
/content/data/processed_pilot/base/images/train/0a89565a88041220e21da1029da7996e.jpg,/content/data/processed_pilot/synthetic_inpaint/uniform/images/train/0a89565a88041220e21da1029da7996e_uniform_c1_0006_s100048.jpg,1,A400M,"cloudy sky background, realistic atmosphere, aviation photography",100048,True,already_exists_verified,False,0.2718273401260376,31.157047271728516,0.407480640151251,0.3156979978084564,True,,0.08,10,1,1,True,True,True,True
/content/data/processed_pilot/base/images/train/0b1163fd37945dd5e787a7e9c6e4afb8.jpg,/content/data/processed_pilot/synthetic_inpaint/uniform/rejected/0b1163fd37945dd5e787a7e9c6e4afb8_uniform_c1_0007_s100049.jpg,1,A400M,"clear blue sky, sunlight, realistic aircraft photography",100049,False,verification_failed:background_unchanged,False,4.720373153686523,2.424528121948242,0.9929855337471798,0.013604911975562572,False,background_unchanged,0.08,10,2,0,False,True,True,True
/content/data/processed_pilot/base/images/train/0c87d94036b714a469ce88b5a56381df.jpg,/content/data/processed_pilot/synthetic_inpaint/uniform/images/train/0c87d94036b714a469ce88b5a56381df_uniform_c1_0008_s100050.jpg,1,A400M,"realistic sky background, natural lighting, aviation photography, high resolution, realistic clouds",100050,True,already_exists_verified,False,0.23054368793964386,15.330700874328613,0.6671380661965005,0.03032292239367962,True,,0.08,10,1,1,True,True,True,True
/content/data/processed_pilot/base/images/train/0cd8e3527ff8843c0abed0f2b4237b2f.jpg,/content/data/processed_pilot/synthetic_inpaint/uniform/rejected/0cd8e3527ff8843c0abed0f2b4237b2f_uniform_c1_0009_s100051.jpg,1,A400M,"realistic runway background, military airbase, natural lighting, aviation photography",100051,False,verification_failed:background_unchanged,False,3.8947370052337646,2.7823054790496826,0.9909407114670575,0.00973668321967125,False,background_unchanged,0.08,10,2,0,False,True,True,True
/content/data/processed_pilot/base/images/train/0d4df0394b30ef029ebdab78adb0497b.jpg,/content/data/processed_pilot/synthetic_inpaint/uniform/images/train/0d4df0394b30ef029ebdab78adb0497b_uniform_c1_0010_s100052.jpg,1,A400M,"cloudy sky background, realistic atmosphere, aviation photography",100052,True,already_exists_verified,False,0.5842117667198181,23.91679573059082,0.48800560008512744,0.16570720076560974,True,,0.08,10,1,1,True,True,True,True
/content/data/processed_pilot/base/images/train/0d6d9ddd77e8e06d0ad3f90d86562b77.jpg,/content/data/processed_pilot/synthetic_inpaint/uniform/images/train/0d6d9ddd77e8e06d0ad3f90d86562b77_uniform_c1_0011_s100053.jpg,1,A400M,"clear blue sky, sunlight, realistic aircraft photography",100053,True,already_exists_verified,False,1.0082037448883057,13.303791046142578,0.3654283231555468,0.07897371053695679,True,,0.08,10,1,1,True,True,True,True
/content/data/processed_pilot/base/images/train/0df039260ed7ea35241dae4fb0ba8ce3.jpg,/content/data/processed_pilot/synthetic_inpaint/uniform/images/train/0df039260ed7ea35241dae4fb0ba8ce3_uniform_c1_0012_s100054.jpg,1,A400M,"realistic sky background, natural lighting, aviation photography, high resolution, realistic clouds",100054,True,already_exists_verified,False,0.9031410217285156,10.183271408081055,0.9806595642553594,0.21389971673488617,True,,0.08,10,1,1,True,True,True,True
/content/data/processed_pilot/base/images/train/0e716f31bca23b339e850909cd87f3ee.jpg,/content/data/processed_pilot/synthetic_inpaint/uniform/images/train/0e716f31bca23b339e850909cd87f3ee_uniform_c1_0013_s100055.jpg,1,A400M,"realistic runway background, military airbase, natural lighting, aviation photography",100055,True,already_exists_verified,False,0.4380413889884949,18.656539916992188,0.7462538689727541,0.10228133201599121,True,,0.08,10,3,3,True,True,True,True
/content/data/processed_pilot/base/images/train/10b5be01a0076494be580195fba068b9.jpg,/content/data/processed_pilot/synthetic_inpaint/uniform/images/train/10b5be01a0076494be580195fba068b9_uniform_c1_0014_s100056.jpg,1,A400M,"cloudy sky background, realistic atmosphere, aviation photography",100056,True,already_exists_verified,False,0.208936408162117,16.072423934936523,0.7304082893041209,0.08969911187887192,True,,0.08,10,1,1,True,True,True,True
/content/data/processed_pilot/base/images/train/123a1d94a3f5fb17755c913227e22ce6.jpg,/content/data/processed_pilot/synthetic_inpaint/uniform/images/train/123a1d94a3f5fb17755c913227e22ce6_uniform_c1_0015_s100057.jpg,1,A400M,"clear blue sky, sunlight, realistic aircraft photography",100057,True,already_exists_verified,False,1.358354091644287,16.949087142944336,0.8068768993610979,0.265020489692688,True,,0.08,10,1,1,True,True,True,True
/content/data/processed_pilot/base/images/train/1404c8bff2966732e6a92d5540b3eee0.jpg,/content/data/processed_pilot/synthetic_inpaint/uniform/images/train/1404c8bff2966732e6a92d5540b3eee0_uniform_c1_0016_s100058.jpg,1,A400M,"realistic sky background, natural lighting, aviation photography, high resolution, realistic clouds",100058,True,already_exists_verified,False,0.204464390873909,17.877246856689453,0.7354084064008184,0.25853458046913147,True,,0.08,10,1,1,True,True,True,True
/content/data/processed_pilot/base/images/train/1486c1a22cf03def2caea6b762e38282.jpg,/content/data/processed_pilot/synthetic_inpaint/uniform/rejected/1486c1a22cf03def2caea6b762e38282_uniform_c1_0017_s100059.jpg,1,A400M,"realistic runway background, military airbase, natural lighting, aviation photography",100059,False,verification_failed:background_unchanged,False,14.015275001525879,6.6712541580200195,0.9927118363637172,0.02887457050383091,False,background_unchanged,0.08,10,2,0,False,True,True,True
/content/data/processed_pilot/base/images/train/171770f46575ca726c7ffc46227791fe.jpg,/content/data/processed_pilot/synthetic_inpaint/uniform/images/train/171770f46575ca726c7ffc46227791fe_uniform_c1_0018_s100060.jpg,1,A400M,"cloudy sky background, realistic atmosphere, aviation photography",100060,True,already_exists_verified,False,0.2800482511520386,12.0333833694458,0.9425834846122458,0.32256290316581726,True,,0.08,10,1,1,True,True,True,True
/content/data/processed_pilot/base/images/train/188ca74e68f97684d5093c2922590a8f.jpg,/content/data/processed_pilot/synthetic_inpaint/uniform/images/train/188ca74e68f97684d5093c2922590a8f_uniform_c1_0019_s100061.jpg,1,A400M,"clear blue sky, sunlight, realistic aircraft photography",100061,True,already_exists_verified,False,0.5996967554092407,13.923377990722656,0.672119042379923,0.2842821776866913,True,,0.08,10,1,1,True,True,True,True
/content/data/processed_pilot/base/images/train/1baa21016514467a1e39a7681df8a287.jpg,/content/data/processed_pilot/synthetic_inpaint/uniform/images/train/1baa21016514467a1e39a7681df8a287_uniform_c1_0020_s100062.jpg,1,A400M,"realistic sky background, natural lighting, aviation photography, high resolution, realistic clouds",100062,True,already_exists_verified,False,0.7668272852897644,31.493072509765625,0.5002823862458721,0.5714908242225647,True,,0.08,10,2,2,True,True,True,True
/content/data/processed_pilot/base/images/train/1c5d2dc14a867dd109bb37dd5f089d8a.jpg,/content/data/processed_pilot/synthetic_inpaint/uniform/rejected/1c5d2dc14a867dd109bb37dd5f089d8a_uniform_c1_0021_s100063.jpg,1,A400M,"realistic runway background, military airbase, natural lighting, aviation photography",100063,False,verification_failed:background_unchanged,False,5.077292442321777,3.9666411876678467,0.8949699778439393,0.005480245221406221,False,background_unchanged,0.08,10,1,0,False,True,True,True
/content/data/processed_pilot/base/images/train/1e5c8eec9398303eab6d1bd287877de7.jpg,/content/data/processed_pilot/synthetic_inpaint/uniform/images/train/1e5c8eec9398303eab6d1bd287877de7_uniform_c1_0022_s100064.jpg,1,A400M,"cloudy sky background, realistic atmosphere, aviation photography",100064,True,already_exists_verified,False,0.20770548284053802,19.098718643188477,0.7181242263908011,0.25100260972976685,True,,0.08,10,1,1,True,True,True,True
/content/data/processed_pilot/base/images/train/1f3262b25a8174d834d89387424bdf09.jpg,/content/data/processed_pilot/synthetic_inpaint/uniform/images/train/1f3262b25a8174d834d89387424bdf09_uniform_c1_0023_s100065.jpg,1,A400M,"clear blue sky, sunlight, realistic aircraft photography",100065,True,already_exists_verified,False,0.19236800074577332,13.297622680664062,0.6446593827323767,0.019807865843176842,True,,0.08,10,1,1,True,True,True,True
/content/data/processed_pilot/base/images/train/00db76f676528477c66c93c7d24d7524.jpg,/content/data/processed_pilot/synthetic_inpaint/uniform/rejected/00db76f676528477c66c93c7d24d7524_uniform_c15_0000_s1500042.jpg,15,F117,"realistic sky background, natural lighting, aviation photography, high resolution, realistic clouds",1500042,False,verification_failed:background_unchanged,False,2.305717945098877,4.280887603759766,0.9925384947470046,0.014561599120497704,False,background_unchanged,0.08,10,1,0,False,True,True,True
/content/data/processed_pilot/base/images/train/019f7906eb4c9cb55d26eaf85a55c888.jpg,/content/data/processed_pilot/synthetic_inpaint/uniform/images/train/019f7906eb4c9cb55d26eaf85a55c888_uniform_c15_0001_s1500043.jpg,15,F117,"realistic runway background, military airbase, natural lighting, aviation photography",1500043,True,already_exists_verified,False,0.580470085144043,25.41952896118164,0.574929252291186,0.5389789342880249,True,,0.08,10,1,1,True,True,True,True
/content/data/processed_pilot/base/images/train/02995efe494d437a562b788de1c1836d.jpg,/content/data/processed_pilot/synthetic_inpaint/uniform/images/train/02995efe494d437a562b788de1c1836d_uniform_c15_0002_s1500044.jpg,15,F117,"cloudy sky background, realistic atmosphere, aviation photography",1500044,True,already_exists_verified,False,0.469267874956131,18.69976234436035,0.5494461409051338,0.4928581416606903,True,,0.08,10,1,1,True,True,True,True
/content/data/processed_pilot/base/images/train/02a412b9229b8ca99896791056474ac6.jpg,/content/data/processed_pilot/synthetic_inpaint/uniform/images/train/02a412b9229b8ca99896791056474ac6_uniform_c15_0003_s1500045.jpg,15,F117,"clear blue sky, sunlight, realistic aircraft photography",1500045,True,already_exists_verified,False,0.2466394603252411,21.79065704345703,0.6891236123306225,0.4562295079231262,True,,0.08,10,1,1,True,True,True,True
/content/data/processed_pilot/base/images/train/02cf490c16553169edf7a31d27cea041.jpg,/content/data/processed_pilot/synthetic_inpaint/uniform/rejected/02cf490c16553169edf7a31d27cea041_uniform_c15_0004_s1500046.jpg,15,F117,"realistic sky background, natural lighting, aviation photography, high resolution, realistic clouds",1500046,False,verification_failed:background_unchanged,False,2.7216298580169678,6.1139044761657715,0.9773108866583392,0.011653454042971134,False,background_unchanged,0.08,10,1,0,False,True,True,True
/content/data/processed_pilot/base/images/train/036179030343756747dc138155a452db.jpg,/content/data/processed_pilot/synthetic_inpaint/uniform/images/train/036179030343756747dc138155a452db_uniform_c15_0005_s1500047.jpg,15,F117,"realistic runway background, military airbase, natural lighting, aviation photography",1500047,True,already_exists_verified,False,0.09379688650369644,29.148895263671875,0.5074990453149042,0.5062283873558044,True,,0.08,10,2,2,True,True,True,True
/content/data/processed_pilot/base/images/train/03abb6cd9b107dfa28de1cc3fa93f6da.jpg,/content/data/processed_pilot/synthetic_inpaint/uniform/images/train/03abb6cd9b107dfa28de1cc3fa93f6da_uniform_c15_0006_s1500048.jpg,15,F117,"cloudy sky background, realistic atmosphere, aviation photography",1500048,True,already_exists_verified,False,0.19370807707309723,20.2185001373291,0.8436717129834768,0.42097216844558716,True,,0.08,10,1,1,True,True,True,True
/content/data/processed_pilot/base/images/train/07036a2bab3c2b6c594df2ff11933fe5.jpg,/content/data/processed_pilot/synthetic_inpaint/uniform/images/train/07036a2bab3c2b6c594df2ff11933fe5_uniform_c15_0007_s1500049.jpg,15,F117,"clear blue sky, sunlight, realistic aircraft photography",1500049,True,already_exists_verified,False,0.4117559790611267,14.526604652404785,0.7364331951931202,0.28132718801498413,True,,0.08,10,3,3,True,True,True,True
/content/data/processed_pilot/base/images/train/084feea5c395593b21019a5005dc2826.jpg,/content/data/processed_pilot/synthetic_inpaint/uniform/images/train/084feea5c395593b21019a5005dc2826_uniform_c15_0008_s1500050.jpg,15,F117,"realistic sky background, natural lighting, aviation photography, high resolution, realistic clouds",1500050,True,already_exists_verified,False,0.21458080410957336,12.161054611206055,0.8001608178485855,0.37365221977233887,True,,0.08,10,1,1,True,True,True,True
/content/data/processed_pilot/base/images/train/099cff4d4177ed7910dee11cd426b560.jpg,/content/data/processed_pilot/synthetic_inpaint/uniform/images/train/099cff4d4177ed7910dee11cd426b560_uniform_c15_0009_s1500051.jpg,15,F117,"realistic runway background, military airbase, natural lighting, aviation photography",1500051,True,already_exists_verified,False,2.407801628112793,25.539011001586914,0.5573488592617296,0.4373830258846283,True,,0.08,10,1,1,True,True,True,True
/content/data/processed_pilot/base/images/train/0bfb6405e0451ac7fb1e119ac0286f0c.jpg,/content/data/processed_pilot/synthetic_inpaint/uniform/images/train/0bfb6405e0451ac7fb1e119ac0286f0c_uniform_c15_0010_s1500052.jpg,15,F117,"cloudy sky background, realistic atmosphere, aviation photography",1500052,True,already_exists_verified,False,0.18453015387058258,35.49175262451172,0.44030464916162637,0.6385560035705566,True,,0.08,10,2,2,True,True,True,True
/content/data/processed_pilot/base/images/train/0d92bab5509040796b4e5d2b57257733.jpg,/content/data/processed_pilot/synthetic_inpaint/uniform/rejected/0d92bab5509040796b4e5d2b57257733_uniform_c15_0011_s1500053.jpg,15,F117,"clear blue sky, sunlight, realistic aircraft photography",1500053,False,verification_failed:background_unchanged,False,3.8210508823394775,8.052617073059082,0.9207664033226188,0.08403277397155762,False,background_unchanged,0.08,10,1,0,False,True,True,True
/content/data/processed_pilot/base/images/train/0db493c6bc6f8d71de9c994760c7bfdf.jpg,/content/data/processed_pilot/synthetic_inpaint/uniform/images/train/0db493c6bc6f8d71de9c994760c7bfdf_uniform_c15_0012_s1500054.jpg,15,F117,"realistic sky background, natural lighting, aviation photography, high resolution, realistic clouds",1500054,True,already_exists_verified,False,0.4738718271255493,30.688539505004883,0.4715064496531556,0.36328619718551636,True,,0.08,10,1,1,True,True,True,True
/content/data/processed_pilot/base/images/train/0ed39399589fdcc0b862b167e27ad0a1.jpg,/content/data/processed_pilot/synthetic_inpaint/uniform/images/train/0ed39399589fdcc0b862b167e27ad0a1_uniform_c15_0013_s1500055.jpg,15,F117,"realistic runway background, military airbase, natural lighting, aviation photography",1500055,True,already_exists_verified,False,0.44159597158432007,49.96846008300781,0.5274291376673144,0.6147400140762329,True,,0.08,10,1,1,True,True,True,True
/content/data/processed_pilot/base/images/train/11a750e7654f548964bb592c3ce49f15.jpg,/content/data/processed_pilot/synthetic_inpaint/uniform/images/train/11a750e7654f548964bb592c3ce49f15_uniform_c15_0014_s1500056.jpg,15,F117,"cloudy sky background, realistic atmosphere, aviation photography",1500056,True,already_exists_verified,False,1.139566421508789,12.108287811279297,0.9530862000167132,0.28587743639945984,True,,0.08,10,1,1,True,True,True,True
/content/data/processed_pilot/base/images/train/1304476292736068913004132ebd66ad.jpg,/content/data/processed_pilot/synthetic_inpaint/uniform/rejected/1304476292736068913004132ebd66ad_uniform_c15_0015_s1500057.jpg,15,F117,"clear blue sky, sunlight, realistic aircraft photography",1500057,False,verification_failed:background_unchanged,False,4.296300411224365,4.929474353790283,0.8681935934343482,0.04868317395448685,False,background_unchanged,0.08,10,1,0,False,True,True,True
/content/data/processed_pilot/base/images/train/131c595156acce09b0fafe191395f649.jpg,/content/data/processed_pilot/synthetic_inpaint/uniform/images/train/131c595156acce09b0fafe191395f649_uniform_c15_0016_s1500058.jpg,15,F117,"realistic sky background, natural lighting, aviation photography, high resolution, realistic clouds",1500058,True,already_exists_verified,False,0.26782599091529846,10.163795471191406,0.7269297188405145,0.10049845278263092,True,,0.08,10,4,4,True,True,True,True
/content/data/processed_pilot/base/images/train/138bbaf5b597d8d87b419aae982fa9da.jpg,/content/data/processed_pilot/synthetic_inpaint/uniform/rejected/138bbaf5b597d8d87b419aae982fa9da_uniform_c15_0017_s1500059.jpg,15,F117,"realistic runway background, military airbase, natural lighting, aviation photography",1500059,False,verification_failed:background_unchanged,False,4.893493175506592,4.567647933959961,0.9804602135545385,0.06609189510345459,False,background_unchanged,0.08,10,1,0,False,True,True,True
/content/data/processed_pilot/base/images/train/1894eea5d506832c92e89df379ddc32a.jpg,/content/data/processed_pilot/synthetic_inpaint/uniform/images/train/1894eea5d506832c92e89df379ddc32a_uniform_c15_0018_s1500060.jpg,15,F117,"cloudy sky background, realistic atmosphere, aviation photography",1500060,True,already_exists_verified,False,1.2408578395843506,18.984241485595703,0.5518094840769815,0.17407052218914032,True,,0.08,10,1,1,True,True,True,True
/content/data/processed_pilot/base/images/train/1b651671a5ee1adf39555baff7cde157.jpg,/content/data/processed_pilot/synthetic_inpaint/uniform/images/train/1b651671a5ee1adf39555baff7cde157_uniform_c15_0019_s1500061.jpg,15,F117,"clear blue sky, sunlight, realistic aircraft photography",1500061,True,already_exists_verified,False,0.2146306037902832,15.7658109664917,0.6661049596941803,0.21648751199245453,True,,0.08,10,1,1,True,True,True,True
/content/data/processed_pilot/base/images/train/1c32e3094163151d9ce3f0f99554dfeb.jpg,/content/data/processed_pilot/synthetic_inpaint/uniform/images/train/1c32e3094163151d9ce3f0f99554dfeb_uniform_c15_0020_s1500062.jpg,15,F117,"realistic sky background, natural lighting, aviation photography, high resolution, realistic clouds",1500062,True,already_exists_verified,False,0.7253162264823914,16.694440841674805,0.7800968604781376,0.050221338868141174,True,,0.08,10,3,3,True,True,True,True
/content/data/processed_pilot/base/images/train/1d7c0b844f5ff19a9a0ad61e2db08d41.jpg,/content/data/processed_pilot/synthetic_inpaint/uniform/images/train/1d7c0b844f5ff19a9a0ad61e2db08d41_uniform_c15_0021_s1500063.jpg,15,F117,"realistic runway background, military airbase, natural lighting, aviation photography",1500063,True,already_exists_verified,False,0.3045530319213867,10.841204643249512,0.7939235540717604,0.2536675035953522,True,,0.08,10,1,1,True,True,True,True
/content/data/processed_pilot/base/images/train/2380daa4946a0e1f7485778d94dbb2e2.jpg,/content/data/processed_pilot/synthetic_inpaint/uniform/images/train/2380daa4946a0e1f7485778d94dbb2e2_uniform_c15_0022_s1500064.jpg,15,F117,"cloudy sky background, realistic atmosphere, aviation photography",1500064,True,already_exists_verified,False,0.4052511751651764,13.39981460571289,0.7936796818343747,0.328045517206192,True,,0.08,10,1,1,True,True,True,True
/content/data/processed_pilot/base/images/train/23e24951b6fe5f7b0ee33c10ce88a36a.jpg,/content/data/processed_pilot/synthetic_inpaint/uniform/images/train/23e24951b6fe5f7b0ee33c10ce88a36a_uniform_c15_0023_s1500065.jpg,15,F117,"clear blue sky, sunlight, realistic aircraft photography",1500065,True,already_exists_verified,False,0.07351219654083252,22.186708450317383,0.5229497368570435,0.14427222311496735,True,,0.08,10,1,1,True,True,True,True
/content/data/processed_pilot/base/images/train/000ec980b5b17156a55093b4bd6004ab.jpg,/content/data/processed_pilot/synthetic_inpaint/uniform/images/train/000ec980b5b17156a55093b4bd6004ab_uniform_c7_0000_s700042.jpg,7,Be200,"realistic sky background, natural lighting, aviation photography, high resolution, realistic clouds",700042,True,already_exists_verified,False,0.5618286728858948,16.249717712402344,0.8244232696476899,0.433092325925827,True,,0.08,10,1,1,True,True,True,True
/content/data/processed_pilot/base/images/train/005e486c03142ce64736bba86b347b96.jpg,/content/data/processed_pilot/synthetic_inpaint/uniform/images/train/005e486c03142ce64736bba86b347b96_uniform_c7_0001_s700043.jpg,7,Be200,"realistic runway background, military airbase, natural lighting, aviation photography",700043,True,already_exists_verified,False,0.4346086382865906,27.971044540405273,0.5321190118818943,0.5721099972724915,True,,0.08,10,1,1,True,True,True,True
/content/data/processed_pilot/base/images/train/02c055a99b4b1054aa46eb299945e6ac.jpg,/content/data/processed_pilot/synthetic_inpaint/uniform/images/train/02c055a99b4b1054aa46eb299945e6ac_uniform_c7_0002_s700044.jpg,7,Be200,"cloudy sky background, realistic atmosphere, aviation photography",700044,True,already_exists_verified,False,0.07930859923362732,10.362156867980957,0.8440052947466516,0.14325812458992004,True,,0.08,10,1,1,True,True,True,True
/content/data/processed_pilot/base/images/train/03d5a31cb343f84b6745566c5671075c.jpg,/content/data/processed_pilot/synthetic_inpaint/uniform/images/train/03d5a31cb343f84b6745566c5671075c_uniform_c7_0003_s700045.jpg,7,Be200,"clear blue sky, sunlight, realistic aircraft photography",700045,True,already_exists_verified,False,0.7083184123039246,15.766653060913086,0.82674502252862,0.1987292766571045,True,,0.08,10,1,1,True,True,True,True
/content/data/processed_pilot/base/images/train/0431ca5a6a5479e5d2eb6a8c3e42ec6c.jpg,/content/data/processed_pilot/synthetic_inpaint/uniform/images/train/0431ca5a6a5479e5d2eb6a8c3e42ec6c_uniform_c7_0004_s700046.jpg,7,Be200,"realistic sky background, natural lighting, aviation photography, high resolution, realistic clouds",700046,True,already_exists_verified,False,0.6041399836540222,29.436918258666992,0.3613229793281804,0.6441246271133423,True,,0.08,10,1,1,True,True,True,True
/content/data/processed_pilot/base/images/train/0497bafdc79a76f855aa0687526c0265.jpg,/content/data/processed_pilot/synthetic_inpaint/uniform/images/train/0497bafdc79a76f855aa0687526c0265_uniform_c7_0005_s700047.jpg,7,Be200,"realistic runway background, military airbase, natural lighting, aviation photography",700047,True,already_exists_verified,False,0.35443347692489624,12.350061416625977,0.544615090712015,0.17515705525875092,True,,0.08,10,1,1,True,True,True,True
/content/data/processed_pilot/base/images/train/058c36a1f3c52872ae56cbf9efba3cd7.jpg,/content/data/processed_pilot/synthetic_inpaint/uniform/images/train/058c36a1f3c52872ae56cbf9efba3cd7_uniform_c7_0006_s700048.jpg,7,Be200,"cloudy sky background, realistic atmosphere, aviation photography",700048,True,already_exists_verified,False,1.0389155149459839,22.276199340820312,0.6839978037102754,0.5407698750495911,True,,0.08,10,1,1,True,True,True,True
/content/data/processed_pilot/base/images/train/07c22423a1fc3996fa5aef5af0afe152.jpg,/content/data/processed_pilot/synthetic_inpaint/uniform/rejected/07c22423a1fc3996fa5aef5af0afe152_uniform_c7_0007_s700049.jpg,7,Be200,"clear blue sky, sunlight, realistic aircraft photography",700049,False,verification_failed:background_unchanged,False,8.205244064331055,4.625372886657715,0.9856873181356323,0.015848949551582336,False,background_unchanged,0.08,10,1,0,False,True,True,True
/content/data/processed_pilot/base/images/train/08393207d7a27fa1f1a8ea16025a2e8c.jpg,/content/data/processed_pilot/synthetic_inpaint/uniform/images/train/08393207d7a27fa1f1a8ea16025a2e8c_uniform_c7_0008_s700050.jpg,7,Be200,"realistic sky background, natural lighting, aviation photography, high resolution, realistic clouds",700050,True,already_exists_verified,False,0.08903142809867859,10.356526374816895,0.9007211691842771,0.1326259821653366,True,,0.08,10,1,1,True,True,True,True
/content/data/processed_pilot/base/images/train/089a55b1e605caa0c46b956a3e63e1c5.jpg,/content/data/processed_pilot/synthetic_inpaint/uniform/images/train/089a55b1e605caa0c46b956a3e63e1c5_uniform_c7_0009_s700051.jpg,7,Be200,"realistic runway background, military airbase, natural lighting, aviation photography",700051,True,already_exists_verified,False,1.0864933729171753,31.221553802490234,0.2946539293273025,0.10568609833717346,True,,0.08,10,1,1,True,True,True,True
/content/data/processed_pilot/base/images/train/0978551bc6903340433012137d7d259a.jpg,/content/data/processed_pilot/synthetic_inpaint/uniform/images/train/0978551bc6903340433012137d7d259a_uniform_c7_0010_s700052.jpg,7,Be200,"cloudy sky background, realistic atmosphere, aviation photography",700052,True,already_exists_verified,False,0.4118708372116089,12.007850646972656,0.932726299288482,0.2634565234184265,True,,0.08,10,1,1,True,True,True,True
/content/data/processed_pilot/base/images/train/09991ea153fbfe09244966d8619f6b70.jpg,/content/data/processed_pilot/synthetic_inpaint/uniform/rejected/09991ea153fbfe09244966d8619f6b70_uniform_c7_0011_s700053.jpg,7,Be200,"clear blue sky, sunlight, realistic aircraft photography",700053,False,verification_failed:background_unchanged,False,6.110921859741211,7.876280307769775,0.9462004511965952,0.23112301528453827,False,background_unchanged,0.08,10,1,0,False,True,True,True
/content/data/processed_pilot/base/images/train/09ad162eee432447855e16597924bacc.jpg,/content/data/processed_pilot/synthetic_inpaint/uniform/images/train/09ad162eee432447855e16597924bacc_uniform_c7_0012_s700054.jpg,7,Be200,"realistic sky background, natural lighting, aviation photography, high resolution, realistic clouds",700054,True,already_exists_verified,False,1.0722222328186035,18.805139541625977,0.6598132655188994,0.44448357820510864,True,,0.08,10,1,1,True,True,True,True
/content/data/processed_pilot/base/images/train/0ac42f60fe5f4fe584480b1b0afb2022.jpg,/content/data/processed_pilot/synthetic_inpaint/uniform/images/train/0ac42f60fe5f4fe584480b1b0afb2022_uniform_c7_0013_s700055.jpg,7,Be200,"realistic runway background, military airbase, natural lighting, aviation photography",700055,True,already_exists_verified,False,0.4091251492500305,15.407691955566406,0.8364161617421503,0.4430847764015198,True,,0.08,10,1,1,True,True,True,True
/content/data/processed_pilot/base/images/train/0add4b38f54f0cb7595483a8670a8fd7.jpg,/content/data/processed_pilot/synthetic_inpaint/uniform/images/train/0add4b38f54f0cb7595483a8670a8fd7_uniform_c7_0014_s700056.jpg,7,Be200,"cloudy sky background, realistic atmosphere, aviation photography",700056,True,already_exists_verified,False,0.5129204392433167,11.198573112487793,0.8169121035792392,0.03924422711133957,True,,0.08,10,1,1,True,True,True,True
/content/data/processed_pilot/base/images/train/0bd81c2333942ce37004f8b0c992aa10.jpg,/content/data/processed_pilot/synthetic_inpaint/uniform/rejected/0bd81c2333942ce37004f8b0c992aa10_uniform_c7_0015_s700057.jpg,7,Be200,"clear blue sky, sunlight, realistic aircraft photography",700057,False,verification_failed:background_unchanged,False,3.957496404647827,9.61913776397705,0.846968408102772,0.27430635690689087,False,background_unchanged,0.08,10,1,0,False,True,True,True
/content/data/processed_pilot/base/images/train/0e2bf9652a6bb839f66d4d0d55a54560.jpg,/content/data/processed_pilot/synthetic_inpaint/uniform/images/train/0e2bf9652a6bb839f66d4d0d55a54560_uniform_c7_0016_s700058.jpg,7,Be200,"realistic sky background, natural lighting, aviation photography, high resolution, realistic clouds",700058,True,already_exists_verified,False,0.8115833401679993,16.815595626831055,0.7651190976498314,0.0874040499329567,True,,0.08,10,1,1,True,True,True,True
/content/data/processed_pilot/base/images/train/0ee83af7501881d8ceec16164d1bfd45.jpg,/content/data/processed_pilot/synthetic_inpaint/uniform/images/train/0ee83af7501881d8ceec16164d1bfd45_uniform_c7_0017_s700059.jpg,7,Be200,"realistic runway background, military airbase, natural lighting, aviation photography",700059,True,already_exists_verified,False,0.8344781994819641,19.119583129882812,0.5160729240838947,0.05032870173454285,True,,0.08,10,1,1,True,True,True,True
/content/data/processed_pilot/base/images/train/0ffc781c553619a8a5c49f596b4cc1ee.jpg,/content/data/processed_pilot/synthetic_inpaint/uniform/images/train/0ffc781c553619a8a5c49f596b4cc1ee_uniform_c7_0018_s700060.jpg,7,Be200,"cloudy sky background, realistic atmosphere, aviation photography",700060,True,already_exists_verified,False,0.6755136251449585,17.43446922302246,0.7593240948426835,0.35229846835136414,True,,0.08,10,2,2,True,True,True,True
/content/data/processed_pilot/base/images/train/13205f31e0fb785afac4f208dddf9a51.jpg,/content/data/processed_pilot/synthetic_inpaint/uniform/images/train/13205f31e0fb785afac4f208dddf9a51_uniform_c7_0019_s700061.jpg,7,Be200,"clear blue sky, sunlight, realistic aircraft photography",700061,True,already_exists_verified,False,0.42955708503723145,16.113615036010742,0.6309619406590539,0.08739515393972397,True,,0.08,10,1,1,True,True,True,True
/content/data/processed_pilot/base/images/train/1471c3a29acf88360ffd7018b061dbd1.jpg,/content/data/processed_pilot/synthetic_inpaint/uniform/images/train/1471c3a29acf88360ffd7018b061dbd1_uniform_c7_0020_s700062.jpg,7,Be200,"realistic sky background, natural lighting, aviation photography, high resolution, realistic clouds",700062,True,already_exists_verified,False,1.0741634368896484,19.498416900634766,0.6057757920671832,0.46473047137260437,True,,0.08,10,1,1,True,True,True,True
/content/data/processed_pilot/base/images/train/1a90665e29449d2882fbfffb08f8bfb9.jpg,/content/data/processed_pilot/synthetic_inpaint/uniform/rejected/1a90665e29449d2882fbfffb08f8bfb9_uniform_c7_0021_s700063.jpg,7,Be200,"realistic runway background, military airbase, natural lighting, aviation photography",700063,False,verification_failed:background_unchanged,False,5.400733947753906,5.661928653717041,0.9862984721275949,0.060934651643037796,False,background_unchanged,0.08,10,1,0,False,True,True,True
/content/data/processed_pilot/base/images/train/1aa2def8c6fb309a9d0d6a1e2ae0b1e7.jpg,/content/data/processed_pilot/synthetic_inpaint/uniform/images/train/1aa2def8c6fb309a9d0d6a1e2ae0b1e7_uniform_c7_0022_s700064.jpg,7,Be200,"cloudy sky background, realistic atmosphere, aviation photography",700064,True,already_exists_verified,False,1.054280400276184,10.06157398223877,0.8538169051755402,0.012589095160365105,True,,0.08,10,1,1,True,True,True,True
/content/data/processed_pilot/base/images/train/1ac7a88fbf2517520099f443c230cfe2.jpg,/content/data/processed_pilot/synthetic_inpaint/uniform/images/train/1ac7a88fbf2517520099f443c230cfe2_uniform_c7_0023_s700065.jpg,7,Be200,"clear blue sky, sunlight, realistic aircraft photography",700065,True,already_exists_verified,False,0.7727481722831726,20.190162658691406,0.616109339657974,0.45680850744247437,True,,0.08,10,1,1,True,True,True,True
/content/data/processed_pilot/base/images/train/014313402292d8dbc688f9f1c50fa0ad.jpg,/content/data/processed_pilot/synthetic_inpaint/uniform/rejected/014313402292d8dbc688f9f1c50fa0ad_uniform_c2_0000_s200042.jpg,2,AG600,"realistic sky background, natural lighting, aviation photography, high resolution, realistic clouds",200042,False,verification_failed:background_unchanged,False,5.234952449798584,4.796902179718018,0.986535341154375,0.034675080329179764,False,background_unchanged,0.08,10,1,0,False,True,True,True
/content/data/processed_pilot/base/images/train/02603f28fc8e14b08dfff751d0257860.jpg,/content/data/processed_pilot/synthetic_inpaint/uniform/rejected/02603f28fc8e14b08dfff751d0257860_uniform_c2_0001_s200043.jpg,2,AG600,"realistic runway background, military airbase, natural lighting, aviation photography",200043,False,verification_failed:background_unchanged,False,7.0999040603637695,7.183187484741211,0.8545365964610222,0.06007752567529678,False,background_unchanged,0.08,10,1,0,False,True,True,True
/content/data/processed_pilot/base/images/train/069ca92d094c40a06ae406970e23e115.jpg,/content/data/processed_pilot/synthetic_inpaint/uniform/images/train/069ca92d094c40a06ae406970e23e115_uniform_c2_0002_s200044.jpg,2,AG600,"cloudy sky background, realistic atmosphere, aviation photography",200044,True,already_exists_verified,False,1.0263409614562988,17.900588989257812,0.5999814725835192,0.5308215022087097,True,,0.08,10,1,1,True,True,True,True
/content/data/processed_pilot/base/images/train/0a13a49b1de78259ec8b646e9cb748d8.jpg,/content/data/processed_pilot/synthetic_inpaint/uniform/images/train/0a13a49b1de78259ec8b646e9cb748d8_uniform_c2_0003_s200045.jpg,2,AG600,"clear blue sky, sunlight, realistic aircraft photography",200045,True,already_exists_verified,False,0.216060608625412,15.275859832763672,0.7989027230570365,0.028071079403162003,True,,0.08,10,1,1,True,True,True,True
/content/data/processed_pilot/base/images/train/0a43582113c2f8f9a9f45fac4dc9c9e9.jpg,/content/data/processed_pilot/synthetic_inpaint/uniform/images/train/0a43582113c2f8f9a9f45fac4dc9c9e9_uniform_c2_0004_s200046.jpg,2,AG600,"realistic sky background, natural lighting, aviation photography, high resolution, realistic clouds",200046,True,already_exists_verified,False,1.8746784925460815,13.289382934570312,0.4944521996906232,0.1214371994137764,True,,0.08,10,1,1,True,True,True,True
/content/data/processed_pilot/base/images/train/0b484ab1e555f80c1f46c8b2350351e3.jpg,/content/data/processed_pilot/synthetic_inpaint/uniform/rejected/0b484ab1e555f80c1f46c8b2350351e3_uniform_c2_0005_s200047.jpg,2,AG600,"realistic runway background, military airbase, natural lighting, aviation photography",200047,False,verification_failed:background_unchanged,False,5.397914886474609,5.569477081298828,0.9647968865273117,0.04221097379922867,False,background_unchanged,0.08,10,1,0,False,True,True,True
/content/data/processed_pilot/base/images/train/0c84eefb0eded91310a0b2e4f4bac511.jpg,/content/data/processed_pilot/synthetic_inpaint/uniform/images/train/0c84eefb0eded91310a0b2e4f4bac511_uniform_c2_0006_s200048.jpg,2,AG600,"cloudy sky background, realistic atmosphere, aviation photography",200048,True,already_exists_verified,False,0.5924288034439087,22.665523529052734,0.3708283352225194,0.010403124615550041,True,,0.08,10,1,1,True,True,True,True
/content/data/processed_pilot/base/images/train/0cb13849bf51b225d1a4340a037f80b5.jpg,/content/data/processed_pilot/synthetic_inpaint/uniform/images/train/0cb13849bf51b225d1a4340a037f80b5_uniform_c2_0007_s200049.jpg,2,AG600,"clear blue sky, sunlight, realistic aircraft photography",200049,True,already_exists_verified,False,0.5117731690406799,11.68852424621582,0.8229835015230128,0.17798787355422974,True,,0.08,10,2,2,True,True,True,True
/content/data/processed_pilot/base/images/train/0e39fea4972bc2b5eb93c9b21ff1d272.jpg,/content/data/processed_pilot/synthetic_inpaint/uniform/images/train/0e39fea4972bc2b5eb93c9b21ff1d272_uniform_c2_0008_s200050.jpg,2,AG600,"realistic sky background, natural lighting, aviation photography, high resolution, realistic clouds",200050,True,already_exists_verified,False,0.40777653455734253,22.196544647216797,0.492326366899785,0.18151117861270905,True,,0.08,10,1,1,True,True,True,True
/content/data/processed_pilot/base/images/train/0e3e2ff51f9f59a22776f66562bcb08d.jpg,/content/data/processed_pilot/synthetic_inpaint/uniform/images/train/0e3e2ff51f9f59a22776f66562bcb08d_uniform_c2_0009_s200051.jpg,2,AG600,"realistic runway background, military airbase, natural lighting, aviation photography",200051,True,already_exists_verified,False,0.26000991463661194,11.3311128616333,0.7247528602934838,0.02927280031144619,True,,0.08,10,1,1,True,True,True,True
/content/data/processed_pilot/base/images/train/0e8a90a8865410bf0531e8ee82cf477e.jpg,/content/data/processed_pilot/synthetic_inpaint/uniform/images/train/0e8a90a8865410bf0531e8ee82cf477e_uniform_c2_0010_s200052.jpg,2,AG600,"cloudy sky background, realistic atmosphere, aviation photography",200052,True,already_exists_verified,False,0.5334199666976929,10.506510734558105,0.5933250155463363,0.1621527224779129,True,,0.08,10,1,1,True,True,True,True
/content/data/processed_pilot/base/images/train/1304a2af0a831a96450699f51257a1f7.jpg,/content/data/processed_pilot/synthetic_inpaint/uniform/rejected/1304a2af0a831a96450699f51257a1f7_uniform_c2_0011_s200053.jpg,2,AG600,"clear blue sky, sunlight, realistic aircraft photography",200053,False,verification_failed:background_unchanged,False,3.225442886352539,7.7132439613342285,0.9287202840447413,0.019291745498776436,False,background_unchanged,0.08,10,1,0,False,True,True,True
/content/data/processed_pilot/base/images/train/1449ed1726c3f56fffe518244afcc828.jpg,/content/data/processed_pilot/synthetic_inpaint/uniform/images/train/1449ed1726c3f56fffe518244afcc828_uniform_c2_0012_s200054.jpg,2,AG600,"realistic sky background, natural lighting, aviation photography, high resolution, realistic clouds",200054,True,already_exists_verified,False,0.08579977601766586,10.296954154968262,0.8656368272689448,0.1365753710269928,True,,0.08,10,1,1,True,True,True,True
/content/data/processed_pilot/base/images/train/171f8d0c589550a8674104820239a79a.jpg,/content/data/processed_pilot/synthetic_inpaint/uniform/images/train/171f8d0c589550a8674104820239a79a_uniform_c2_0013_s200055.jpg,2,AG600,"realistic runway background, military airbase, natural lighting, aviation photography",200055,True,already_exists_verified,False,0.433801531791687,19.124130249023438,0.719723918357378,0.3156033754348755,True,,0.08,10,1,1,True,True,True,True
/content/data/processed_pilot/base/images/train/19e1a2a35fcb5fe4af34b0f6e623e7ce.jpg,/content/data/processed_pilot/synthetic_inpaint/uniform/images/train/19e1a2a35fcb5fe4af34b0f6e623e7ce_uniform_c2_0014_s200056.jpg,2,AG600,"cloudy sky background, realistic atmosphere, aviation photography",200056,True,already_exists_verified,False,0.13967710733413696,13.011004447937012,0.8508446052678694,0.1884492039680481,True,,0.08,10,1,1,True,True,True,True
/content/data/processed_pilot/base/images/train/1a7dff126f30e32e3ead89d0ab38d2bf.jpg,/content/data/processed_pilot/synthetic_inpaint/uniform/images/train/1a7dff126f30e32e3ead89d0ab38d2bf_uniform_c2_0015_s200057.jpg,2,AG600,"clear blue sky, sunlight, realistic aircraft photography",200057,True,already_exists_verified,False,0.12470332533121109,18.85428237915039,0.7695710400903658,0.17708124220371246,True,,0.08,10,1,1,True,True,True,True
/content/data/processed_pilot/base/images/train/1aaeacb70ebd76b24ee7a924d4904d53.jpg,/content/data/processed_pilot/synthetic_inpaint/uniform/images/train/1aaeacb70ebd76b24ee7a924d4904d53_uniform_c2_0016_s200058.jpg,2,AG600,"realistic sky background, natural lighting, aviation photography, high resolution, realistic clouds",200058,True,already_exists_verified,False,0.09124840050935745,14.850318908691406,0.5884339532007061,0.35216718912124634,True,,0.08,10,1,1,True,True,True,True
/content/data/processed_pilot/base/images/train/1be2302e3c64d03f0eb51eee2cc81e29.jpg,/content/data/processed_pilot/synthetic_inpaint/uniform/images/train/1be2302e3c64d03f0eb51eee2cc81e29_uniform_c2_0017_s200059.jpg,2,AG600,"realistic runway background, military airbase, natural lighting, aviation photography",200059,True,already_exists_verified,False,0.27284038066864014,15.034141540527344,0.6760286808479063,0.31740880012512207,True,,0.08,10,1,1,True,True,True,True
/content/data/processed_pilot/base/images/train/1fcb30a19f21865b02765fe028816039.jpg,/content/data/processed_pilot/synthetic_inpaint/uniform/images/train/1fcb30a19f21865b02765fe028816039_uniform_c2_0018_s200060.jpg,2,AG600,"cloudy sky background, realistic atmosphere, aviation photography",200060,True,already_exists_verified,False,0.5052820444107056,15.950069427490234,0.7171302508340249,0.322316974401474,True,,0.08,10,1,1,True,True,True,True
/content/data/processed_pilot/base/images/train/20eac838169d3e11b0de3bffb788f311.jpg,/content/data/processed_pilot/synthetic_inpaint/uniform/rejected/20eac838169d3e11b0de3bffb788f311_uniform_c2_0019_s200061.jpg,2,AG600,"clear blue sky, sunlight, realistic aircraft photography",200061,False,verification_failed:background_unchanged,False,6.31552267074585,9.272785186767578,0.8441846279382292,0.06445113569498062,False,background_unchanged,0.08,10,1,0,False,True,True,True
/content/data/processed_pilot/base/images/train/2151be7803242b291c6bfb1f4bf3422f.jpg,/content/data/processed_pilot/synthetic_inpaint/uniform/rejected/2151be7803242b291c6bfb1f4bf3422f_uniform_c2_0020_s200062.jpg,2,AG600,"realistic sky background, natural lighting, aviation photography, high resolution, realistic clouds",200062,False,verification_failed:background_unchanged,False,4.595534801483154,6.994697093963623,0.9902398238521289,0.023627884685993195,False,background_unchanged,0.08,10,1,0,False,True,True,True
/content/data/processed_pilot/base/images/train/2183dd0d06ae04b0b450edfa7a6b586a.jpg,/content/data/processed_pilot/synthetic_inpaint/uniform/images/train/2183dd0d06ae04b0b450edfa7a6b586a_uniform_c2_0021_s200063.jpg,2,AG600,"realistic runway background, military airbase, natural lighting, aviation photography",200063,True,already_exists_verified,False,0.9428874254226685,21.099668502807617,0.553160334960287,0.40404215455055237,True,,0.08,10,1,1,True,True,True,True
/content/data/processed_pilot/base/images/train/21ccf26b0f54db5793896c2ee79d024e.jpg,/content/data/processed_pilot/synthetic_inpaint/uniform/images/train/21ccf26b0f54db5793896c2ee79d024e_uniform_c2_0022_s200064.jpg,2,AG600,"cloudy sky background, realistic atmosphere, aviation photography",200064,True,already_exists_verified,False,0.16287684440612793,10.438968658447266,0.7860062614037654,0.216156467795372,True,,0.08,10,1,1,True,True,True,True
/content/data/processed_pilot/base/images/train/2405877c974ebcc279b0234e6181ae50.jpg,/content/data/processed_pilot/synthetic_inpaint/uniform/images/train/2405877c974ebcc279b0234e6181ae50_uniform_c2_0023_s200065.jpg,2,AG600,"clear blue sky, sunlight, realistic aircraft photography",200065,True,already_exists_verified,False,0.2567630410194397,10.776180267333984,0.8586636304502372,0.2984223961830139,True,,0.08,10,1,1,True,True,True,True
/content/data/processed_pilot/base/images/train/00ea3b9658576d41ec570bd558e81fe4.jpg,/content/data/processed_pilot/synthetic_inpaint/uniform/images/train/00ea3b9658576d41ec570bd558e81fe4_uniform_c13_0000_s1300042.jpg,13,E7,"realistic sky background, natural lighting, aviation photography, high resolution, realistic clouds",1300042,True,already_exists_verified,False,0.1837380975484848,11.815929412841797,0.7080556936768369,0.13310673832893372,True,,0.08,10,1,1,True,True,True,True
/content/data/processed_pilot/base/images/train/06dfca9d58c81975c587ae5240449e4e.jpg,/content/data/processed_pilot/synthetic_inpaint/uniform/images/train/06dfca9d58c81975c587ae5240449e4e_uniform_c13_0001_s1300043.jpg,13,E7,"realistic runway background, military airbase, natural lighting, aviation photography",1300043,True,already_exists_verified,False,0.10540521144866943,28.284130096435547,0.6573412150542363,0.30714988708496094,True,,0.08,10,1,1,True,True,True,True
/content/data/processed_pilot/base/images/train/06e1a045924708851620c1366b0e813a.jpg,/content/data/processed_pilot/synthetic_inpaint/uniform/images/train/06e1a045924708851620c1366b0e813a_uniform_c13_0002_s1300044.jpg,13,E7,"cloudy sky background, realistic atmosphere, aviation photography",1300044,True,already_exists_verified,False,0.2814294099807739,49.65365219116211,0.39939361395575945,0.5994424819946289,True,,0.08,10,1,1,True,True,True,True
/content/data/processed_pilot/base/images/train/0e0e72c6072ca0eaeb8ea6e95af0c63c.jpg,/content/data/processed_pilot/synthetic_inpaint/uniform/rejected/0e0e72c6072ca0eaeb8ea6e95af0c63c_uniform_c13_0003_s1300045.jpg,13,E7,"clear blue sky, sunlight, realistic aircraft photography",1300045,False,verification_failed:background_unchanged,False,6.872162342071533,3.744452476501465,0.981954014899884,0.02796234004199505,False,background_unchanged,0.08,10,1,0,False,True,True,True
/content/data/processed_pilot/base/images/train/0f7ebf920a66f19a58b55f62a1c3f988.jpg,/content/data/processed_pilot/synthetic_inpaint/uniform/images/train/0f7ebf920a66f19a58b55f62a1c3f988_uniform_c13_0004_s1300046.jpg,13,E7,"realistic sky background, natural lighting, aviation photography, high resolution, realistic clouds",1300046,True,already_exists_verified,False,0.6305285692214966,24.24091148376465,0.45729954766821035,0.4301508963108063,True,,0.08,10,1,1,True,True,True,True
/content/data/processed_pilot/base/images/train/0fa0b4fe40111ce7e6a2be5778948070.jpg,/content/data/processed_pilot/synthetic_inpaint/uniform/images/train/0fa0b4fe40111ce7e6a2be5778948070_uniform_c13_0005_s1300047.jpg,13,E7,"realistic runway background, military airbase, natural lighting, aviation photography",1300047,True,already_exists_verified,False,1.2944979667663574,16.55609893798828,0.8109355683844658,0.11446216702461243,True,,0.08,10,1,1,True,True,True,True
/content/data/processed_pilot/base/images/train/10946ac1f135dd1271d2080dc75410fa.jpg,/content/data/processed_pilot/synthetic_inpaint/uniform/images/train/10946ac1f135dd1271d2080dc75410fa_uniform_c13_0006_s1300048.jpg,13,E7,"cloudy sky background, realistic atmosphere, aviation photography",1300048,True,already_exists_verified,False,0.2213212549686432,10.36465072631836,0.8713548794347414,0.0624772310256958,True,,0.08,10,1,1,True,True,True,True
/content/data/processed_pilot/base/images/train/112a93ecfe72d7c847f63cfda01c979e.jpg,/content/data/processed_pilot/synthetic_inpaint/uniform/rejected/112a93ecfe72d7c847f63cfda01c979e_uniform_c13_0007_s1300049.jpg,13,E7,"clear blue sky, sunlight, realistic aircraft photography",1300049,False,verification_failed:background_unchanged,False,11.21153450012207,9.04730224609375,0.8608026874021797,0.3427221477031708,False,background_unchanged,0.08,10,1,0,False,True,True,True
/content/data/processed_pilot/base/images/train/113af19a4cccf4c12d8b7aa5d5df806d.jpg,/content/data/processed_pilot/synthetic_inpaint/uniform/rejected/113af19a4cccf4c12d8b7aa5d5df806d_uniform_c13_0008_s1300050.jpg,13,E7,"realistic sky background, natural lighting, aviation photography, high resolution, realistic clouds",1300050,False,verification_failed:background_unchanged,False,7.002017498016357,7.428657531738281,0.9159113536057086,0.07139042764902115,False,background_unchanged,0.08,10,1,0,False,True,True,True
/content/data/processed_pilot/base/images/train/1147ff5a41547c17ec39fe244595ead1.jpg,/content/data/processed_pilot/synthetic_inpaint/uniform/images/train/1147ff5a41547c17ec39fe244595ead1_uniform_c13_0009_s1300051.jpg,13,E7,"realistic runway background, military airbase, natural lighting, aviation photography",1300051,True,already_exists_verified,False,0.21796052157878876,39.30305862426758,0.4595530366590335,0.5965536832809448,True,,0.08,10,2,2,True,True,True,True
/content/data/processed_pilot/base/images/train/1460beb77315c837123045d2241d2176.jpg,/content/data/processed_pilot/synthetic_inpaint/uniform/images/train/1460beb77315c837123045d2241d2176_uniform_c13_0010_s1300052.jpg,13,E7,"cloudy sky background, realistic atmosphere, aviation photography",1300052,True,already_exists_verified,False,0.20727717876434326,36.596839904785156,0.529207702443386,0.361517071723938,True,,0.08,10,1,1,True,True,True,True
/content/data/processed_pilot/base/images/train/166311e46b7871b753f56f30b8afc20d.jpg,/content/data/processed_pilot/synthetic_inpaint/uniform/images/train/166311e46b7871b753f56f30b8afc20d_uniform_c13_0011_s1300053.jpg,13,E7,"clear blue sky, sunlight, realistic aircraft photography",1300053,True,already_exists_verified,False,0.0760302022099495,11.876542091369629,0.8787827420033528,0.06669100373983383,True,,0.08,10,2,2,True,True,True,True
/content/data/processed_pilot/base/images/train/1b4e14d0629f8b45de82671dc7a867a8.jpg,/content/data/processed_pilot/synthetic_inpaint/uniform/images/train/1b4e14d0629f8b45de82671dc7a867a8_uniform_c13_0012_s1300054.jpg,13,E7,"realistic sky background, natural lighting, aviation photography, high resolution, realistic clouds",1300054,True,already_exists_verified,False,0.4848482310771942,12.368282318115234,0.5446845747896705,0.007628083694726229,True,,0.08,10,1,1,True,True,True,True
/content/data/processed_pilot/base/images/train/21623a68bfff203b8b99aaf420e99af5.jpg,/content/data/processed_pilot/synthetic_inpaint/uniform/images/train/21623a68bfff203b8b99aaf420e99af5_uniform_c13_0013_s1300055.jpg,13,E7,"realistic runway background, military airbase, natural lighting, aviation photography",1300055,True,already_exists_verified,False,1.261967420578003,11.108757972717285,0.8491158387202664,0.056730251759290695,True,,0.08,10,1,1,True,True,True,True
/content/data/processed_pilot/base/images/train/243b331f851e2115fd94731227145f72.jpg,/content/data/processed_pilot/synthetic_inpaint/uniform/images/train/243b331f851e2115fd94731227145f72_uniform_c13_0014_s1300056.jpg,13,E7,"cloudy sky background, realistic atmosphere, aviation photography",1300056,True,already_exists_verified,False,0.7665989398956299,11.277130126953125,0.8970114692343951,0.1547890156507492,True,,0.08,10,1,1,True,True,True,True
/content/data/processed_pilot/base/images/train/2b743eb725c1143c884bdd947b3b3677.jpg,/content/data/processed_pilot/synthetic_inpaint/uniform/images/train/2b743eb725c1143c884bdd947b3b3677_uniform_c13_0015_s1300057.jpg,13,E7,"clear blue sky, sunlight, realistic aircraft photography",1300057,True,already_exists_verified,False,0.1629858911037445,11.042465209960938,0.8541875646576791,0.029991384595632553,True,,0.08,10,1,1,True,True,True,True
/content/data/processed_pilot/base/images/train/00ea3b9658576d41ec570bd558e81fe4.jpg,/content/data/processed_pilot/synthetic_inpaint/uniform/images/train/00ea3b9658576d41ec570bd558e81fe4_uniform_c13_0016_s1300058.jpg,13,E7,"realistic sky background, natural lighting, aviation photography, high resolution, realistic clouds",1300058,True,already_exists_verified,False,0.18786892294883728,16.685373306274414,0.698162229747288,0.14732855558395386,True,,0.08,10,1,1,True,True,True,True
/content/data/processed_pilot/base/images/train/06dfca9d58c81975c587ae5240449e4e.jpg,/content/data/processed_pilot/synthetic_inpaint/uniform/images/train/06dfca9d58c81975c587ae5240449e4e_uniform_c13_0017_s1300059.jpg,13,E7,"realistic runway background, military airbase, natural lighting, aviation photography",1300059,True,already_exists_verified,False,0.10473638027906418,26.385995864868164,0.6730988381859748,0.2814185619354248,True,,0.08,10,1,1,True,True,True,True
/content/data/processed_pilot/base/images/train/06e1a045924708851620c1366b0e813a.jpg,/content/data/processed_pilot/synthetic_inpaint/uniform/images/train/06e1a045924708851620c1366b0e813a_uniform_c13_0018_s1300060.jpg,13,E7,"cloudy sky background, realistic atmosphere, aviation photography",1300060,True,already_exists_verified,False,0.2908377945423126,48.234466552734375,0.3740440387583924,0.5493828654289246,True,,0.08,10,1,1,True,True,True,True
/content/data/processed_pilot/base/images/train/0e0e72c6072ca0eaeb8ea6e95af0c63c.jpg,/content/data/processed_pilot/synthetic_inpaint/uniform/rejected/0e0e72c6072ca0eaeb8ea6e95af0c63c_uniform_c13_0019_s1300061.jpg,13,E7,"clear blue sky, sunlight, realistic aircraft photography",1300061,False,verification_failed:background_unchanged,False,7.619194030761719,5.0444722175598145,0.9814807809623104,0.030400265008211136,False,background_unchanged,0.08,10,1,0,False,True,True,True
/content/data/processed_pilot/base/images/train/0f7ebf920a66f19a58b55f62a1c3f988.jpg,/content/data/processed_pilot/synthetic_inpaint/uniform/images/train/0f7ebf920a66f19a58b55f62a1c3f988_uniform_c13_0020_s1300062.jpg,13,E7,"realistic sky background, natural lighting, aviation photography, high resolution, realistic clouds",1300062,True,already_exists_verified,False,0.629893958568573,30.088516235351562,0.38474401946746606,0.44080352783203125,True,,0.08,10,1,1,True,True,True,True
/content/data/processed_pilot/base/images/train/0fa0b4fe40111ce7e6a2be5778948070.jpg,/content/data/processed_pilot/synthetic_inpaint/uniform/images/train/0fa0b4fe40111ce7e6a2be5778948070_uniform_c13_0021_s1300063.jpg,13,E7,"realistic runway background, military airbase, natural lighting, aviation photography",1300063,True,already_exists_verified,False,1.2945080995559692,13.778239250183105,0.8102084850497607,0.11725930869579315,True,,0.08,10,1,1,True,True,True,True
/content/data/processed_pilot/base/images/train/10946ac1f135dd1271d2080dc75410fa.jpg,/content/data/processed_pilot/synthetic_inpaint/uniform/rejected/10946ac1f135dd1271d2080dc75410fa_uniform_c13_0022_s1300064.jpg,13,E7,"cloudy sky background, realistic atmosphere, aviation photography",1300064,False,verification_failed:background_unchanged,False,3.9307174682617188,7.353949546813965,0.8851794958914763,0.04274209588766098,False,background_unchanged,0.08,10,1,0,False,True,True,True
/content/data/processed_pilot/base/images/train/112a93ecfe72d7c847f63cfda01c979e.jpg,/content/data/processed_pilot/synthetic_inpaint/uniform/rejected/112a93ecfe72d7c847f63cfda01c979e_uniform_c13_0023_s1300065.jpg,13,E7,"clear blue sky, sunlight, realistic aircraft photography",1300065,False,verification_failed:background_unchanged,False,12.4019775390625,7.643242835998535,0.8979046740233357,0.1725250631570816,False,background_unchanged,0.08,10,1,0,False,True,True,True
