plan,source_image,output_image,class_id,class_name,prompt,seed,accepted,background_pixel_diff,background_ssim,lpips,bbox_pixel_diff,verification_passed,verification_fail_reason,dry_run
uniform,/content/data/processed_pilot/base/images/train/01a9c84cf8d5523da74a5a3e3ddc535f.jpg,/content/data/processed_pilot/synthetic_inpaint/uniform/rejected/01a9c84cf8d5523da74a5a3e3ddc535f_uniform_c1_0000_s100042.jpg,1,A400M,"realistic sky background, natural lighting, aviation photography, high resolution, realistic clouds",100042,False,6.531939506530762,0.9615006183952424,0.102319985628128,7.098148345947266,False,background_unchanged,False
uniform,/content/data/processed_pilot/base/images/train/01eec1ab0a324ad589c8966ef232abc5.jpg,/content/data/processed_pilot/synthetic_inpaint/uniform/rejected/01eec1ab0a324ad589c8966ef232abc5_uniform_c1_0001_s100043.jpg,1,A400M,"realistic runway background, military airbase, natural lighting, aviation photography",100043,False,7.303449153900146,0.9011867338241124,0.1347458958625793,6.733550071716309,False,background_unchanged,False
uniform,/content/data/processed_pilot/base/images/train/05d59a12f6323d082b1cfd07a9673852.jpg,/content/data/processed_pilot/synthetic_inpaint/uniform/images/train/05d59a12f6323d082b1cfd07a9673852_uniform_c1_0002_s100044.jpg,1,A400M,"cloudy sky background, realistic atmosphere, aviation photography",100044,True,15.353181838989258,0.8573639122148766,0.2808067798614502,5.638886451721191,True,,False
uniform,/content/data/processed_pilot/base/images/train/05ef1b83fab31eb6a2547c1b5c901873.jpg,/content/data/processed_pilot/synthetic_inpaint/uniform/images/train/05ef1b83fab31eb6a2547c1b5c901873_uniform_c1_0003_s100045.jpg,1,A400M,"clear blue sky, sunlight, realistic aircraft photography",100045,True,13.281307220458984,0.7358757295723752,0.1826748996973037,11.217340469360352,True,,False
uniform,/content/data/processed_pilot/base/images/train/0819904ba018364295a314dc6d1dce9d.jpg,/content/data/processed_pilot/synthetic_inpaint/uniform/images/train/0819904ba018364295a314dc6d1dce9d_uniform_c1_0004_s100046.jpg,1,A400M,"realistic sky background, natural lighting, aviation photography, high resolution, realistic clouds",100046,True,15.330769538879396,0.7535999505810655,0.1017884463071823,6.571566581726074,True,,False
uniform,/content/data/processed_pilot/base/images/train/09c31c9c8acf27ece476a67280b27a8f.jpg,/content/data/processed_pilot/synthetic_inpaint/uniform/images/train/09c31c9c8acf27ece476a67280b27a8f_uniform_c1_0005_s100047.jpg,1,A400M,"realistic runway background, military airbase, natural lighting, aviation photography",100047,True,15.202075958251951,0.8808659606576658,0.3398272693157196,13.716195106506348,True,,False
uniform,/content/data/processed_pilot/base/images/train/0a89565a88041220e21da1029da7996e.jpg,/content/data/processed_pilot/synthetic_inpaint/uniform/images/train/0a89565a88041220e21da1029da7996e_uniform_c1_0006_s100048.jpg,1,A400M,"cloudy sky background, realistic atmosphere, aviation photography",100048,True,31.149805068969727,0.4079846366693935,0.3157578706741333,6.158344268798828,True,,False
uniform,/content/data/processed_pilot/base/images/train/0b1163fd37945dd5e787a7e9c6e4afb8.jpg,/content/data/processed_pilot/synthetic_inpaint/uniform/rejected/0b1163fd37945dd5e787a7e9c6e4afb8_uniform_c1_0007_s100049.jpg,1,A400M,"clear blue sky, sunlight, realistic aircraft photography",100049,False,2.424528121948242,0.9929855337471798,0.0136049119755625,4.720373153686523,False,background_unchanged,False
uniform,/content/data/processed_pilot/base/images/train/0c87d94036b714a469ce88b5a56381df.jpg,/content/data/processed_pilot/synthetic_inpaint/uniform/images/train/0c87d94036b714a469ce88b5a56381df_uniform_c1_0008_s100050.jpg,1,A400M,"realistic sky background, natural lighting, aviation photography, high resolution, realistic clouds",100050,True,15.261155128479004,0.6678845303441645,0.0300543643534183,7.633895397186279,True,,False
uniform,/content/data/processed_pilot/base/images/train/0cd8e3527ff8843c0abed0f2b4237b2f.jpg,/content/data/processed_pilot/synthetic_inpaint/uniform/rejected/0cd8e3527ff8843c0abed0f2b4237b2f_uniform_c1_0009_s100051.jpg,1,A400M,"realistic runway background, military airbase, natural lighting, aviation photography",100051,False,2.7823054790496826,0.9909407114670576,0.0097366832196712,3.8947370052337646,False,background_unchanged,False
uniform,/content/data/processed_pilot/base/images/train/0d4df0394b30ef029ebdab78adb0497b.jpg,/content/data/processed_pilot/synthetic_inpaint/uniform/images/train/0d4df0394b30ef029ebdab78adb0497b_uniform_c1_0010_s100052.jpg,1,A400M,"cloudy sky background, realistic atmosphere, aviation photography",100052,True,23.906494140625,0.4883826635722751,0.1652747839689254,7.636656761169434,True,,False
uniform,/content/data/processed_pilot/base/images/train/0d6d9ddd77e8e06d0ad3f90d86562b77.jpg,/content/data/processed_pilot/synthetic_inpaint/uniform/images/train/0d6d9ddd77e8e06d0ad3f90d86562b77_uniform_c1_0011_s100053.jpg,1,A400M,"clear blue sky, sunlight, realistic aircraft photography",100053,True,13.478925704956056,0.3663765098126342,0.078134685754776,10.299466133117676,True,,False
uniform,/content/data/processed_pilot/base/images/train/0df039260ed7ea35241dae4fb0ba8ce3.jpg,/content/data/processed_pilot/synthetic_inpaint/uniform/images/train/0df039260ed7ea35241dae4fb0ba8ce3_uniform_c1_0012_s100054.jpg,1,A400M,"realistic sky background, natural lighting, aviation photography, high resolution, realistic clouds",100054,True,10.159223556518556,0.9812304169615632,0.219268336892128,29.676700592041016,True,,False
uniform,/content/data/processed_pilot/base/images/train/0e716f31bca23b339e850909cd87f3ee.jpg,/content/data/processed_pilot/synthetic_inpaint/uniform/images/train/0e716f31bca23b339e850909cd87f3ee_uniform_c1_0013_s100055.jpg,1,A400M,"realistic runway background, military airbase, natural lighting, aviation photography",100055,True,18.64488983154297,0.746754073335368,0.1023012101650238,21.62348747253418,True,,False
uniform,/content/data/processed_pilot/base/images/train/10b5be01a0076494be580195fba068b9.jpg,/content/data/processed_pilot/synthetic_inpaint/uniform/images/train/10b5be01a0076494be580195fba068b9_uniform_c1_0014_s100056.jpg,1,A400M,"cloudy sky background, realistic atmosphere, aviation photography",100056,True,16.051467895507812,0.7311382126871435,0.0897174626588821,4.0998406410217285,True,,False
uniform,/content/data/processed_pilot/base/images/train/123a1d94a3f5fb17755c913227e22ce6.jpg,/content/data/processed_pilot/synthetic_inpaint/uniform/images/train/123a1d94a3f5fb17755c913227e22ce6_uniform_c1_0015_s100057.jpg,1,A400M,"clear blue sky, sunlight, realistic aircraft photography",100057,True,16.957304000854492,0.8071920496870142,0.2642491161823272,23.411590576171875,True,,False
uniform,/content/data/processed_pilot/base/images/train/1404c8bff2966732e6a92d5540b3eee0.jpg,/content/data/processed_pilot/synthetic_inpaint/uniform/images/train/1404c8bff2966732e6a92d5540b3eee0_uniform_c1_0016_s100058.jpg,1,A400M,"realistic sky background, natural lighting, aviation photography, high resolution, realistic clouds",100058,True,17.863866806030273,0.7362582112461892,0.2587047815322876,5.986047267913818,True,,False
uniform,/content/data/processed_pilot/base/images/train/1486c1a22cf03def2caea6b762e38282.jpg,/content/data/processed_pilot/synthetic_inpaint/uniform/rejected/1486c1a22cf03def2caea6b762e38282_uniform_c1_0017_s100059.jpg,1,A400M,"realistic runway background, military airbase, natural lighting, aviation photography",100059,False,6.67125415802002,0.9927118363637172,0.0288745705038309,14.01527500152588,False,background_unchanged,False
uniform,/content/data/processed_pilot/base/images/train/171770f46575ca726c7ffc46227791fe.jpg,/content/data/processed_pilot/synthetic_inpaint/uniform/images/train/171770f46575ca726c7ffc46227791fe_uniform_c1_0018_s100060.jpg,1,A400M,"cloudy sky background, realistic atmosphere, aviation photography",100060,True,12.017091751098633,0.942936296930856,0.3225994706153869,15.271705627441406,True,,False
uniform,/content/data/processed_pilot/base/images/train/188ca74e68f97684d5093c2922590a8f.jpg,/content/data/processed_pilot/synthetic_inpaint/uniform/images/train/188ca74e68f97684d5093c2922590a8f_uniform_c1_0019_s100061.jpg,1,A400M,"clear blue sky, sunlight, realistic aircraft photography",100061,True,13.935839653015137,0.6726380290422338,0.283601701259613,11.549737930297852,True,,False
uniform,/content/data/processed_pilot/base/images/train/1baa21016514467a1e39a7681df8a287.jpg,/content/data/processed_pilot/synthetic_inpaint/uniform/images/train/1baa21016514467a1e39a7681df8a287_uniform_c1_0020_s100062.jpg,1,A400M,"realistic sky background, natural lighting, aviation photography, high resolution, realistic clouds",100062,True,31.48631477355957,0.5011691925445326,0.5714108943939209,13.071470260620115,True,,False
uniform,/content/data/processed_pilot/base/images/train/1c5d2dc14a867dd109bb37dd5f089d8a.jpg,/content/data/processed_pilot/synthetic_inpaint/uniform/rejected/1c5d2dc14a867dd109bb37dd5f089d8a_uniform_c1_0021_s100063.jpg,1,A400M,"realistic runway background, military airbase, natural lighting, aviation photography",100063,False,3.966641187667847,0.8949699778439393,0.0054802452214062,5.077292442321777,False,background_unchanged,False
uniform,/content/data/processed_pilot/base/images/train/1e5c8eec9398303eab6d1bd287877de7.jpg,/content/data/processed_pilot/synthetic_inpaint/uniform/images/train/1e5c8eec9398303eab6d1bd287877de7_uniform_c1_0022_s100064.jpg,1,A400M,"cloudy sky background, realistic atmosphere, aviation photography",100064,True,19.095783233642575,0.7184011877811579,0.2510790824890136,10.20490550994873,True,,False
uniform,/content/data/processed_pilot/base/images/train/1f3262b25a8174d834d89387424bdf09.jpg,/content/data/processed_pilot/synthetic_inpaint/uniform/images/train/1f3262b25a8174d834d89387424bdf09_uniform_c1_0023_s100065.jpg,1,A400M,"clear blue sky, sunlight, realistic aircraft photography",100065,True,13.269330024719238,0.6452021070344633,0.019741702824831,4.609804153442383,True,,False
uniform,/content/data/processed_pilot/base/images/train/00db76f676528477c66c93c7d24d7524.jpg,/content/data/processed_pilot/synthetic_inpaint/uniform/rejected/00db76f676528477c66c93c7d24d7524_uniform_c15_0000_s1500042.jpg,15,F117,"realistic sky background, natural lighting, aviation photography, high resolution, realistic clouds",1500042,False,4.280887603759766,0.9925384947470046,0.0145615991204977,2.305717945098877,False,background_unchanged,False
uniform,/content/data/processed_pilot/base/images/train/019f7906eb4c9cb55d26eaf85a55c888.jpg,/content/data/processed_pilot/synthetic_inpaint/uniform/images/train/019f7906eb4c9cb55d26eaf85a55c888_uniform_c15_0001_s1500043.jpg,15,F117,"realistic runway background, military airbase, natural lighting, aviation photography",1500043,True,25.4087028503418,0.5756243928479614,0.5388837456703186,29.21042823791504,True,,False
uniform,/content/data/processed_pilot/base/images/train/02995efe494d437a562b788de1c1836d.jpg,/content/data/processed_pilot/synthetic_inpaint/uniform/images/train/02995efe494d437a562b788de1c1836d_uniform_c15_0002_s1500044.jpg,15,F117,"cloudy sky background, realistic atmosphere, aviation photography",1500044,True,18.6873779296875,0.5499553074686958,0.4941863417625427,7.91504955291748,True,,False
uniform,/content/data/processed_pilot/base/images/train/02a412b9229b8ca99896791056474ac6.jpg,/content/data/processed_pilot/synthetic_inpaint/uniform/images/train/02a412b9229b8ca99896791056474ac6_uniform_c15_0003_s1500045.jpg,15,F117,"clear blue sky, sunlight, realistic aircraft photography",1500045,True,21.78655433654785,0.6894476140565572,0.456144243478775,8.942843437194824,True,,False
uniform,/content/data/processed_pilot/base/images/train/02cf490c16553169edf7a31d27cea041.jpg,/content/data/processed_pilot/synthetic_inpaint/uniform/rejected/02cf490c16553169edf7a31d27cea041_uniform_c15_0004_s1500046.jpg,15,F117,"realistic sky background, natural lighting, aviation photography, high resolution, realistic clouds",1500046,False,6.113904476165772,0.9773108866583392,0.0116534540429711,2.721629858016968,False,background_unchanged,False
uniform,/content/data/processed_pilot/base/images/train/036179030343756747dc138155a452db.jpg,/content/data/processed_pilot/synthetic_inpaint/uniform/images/train/036179030343756747dc138155a452db_uniform_c15_0005_s1500047.jpg,15,F117,"realistic runway background, military airbase, natural lighting, aviation photography",1500047,True,29.14817237854004,0.5080794508548835,0.5057735443115234,14.870083808898926,True,,False
uniform,/content/data/processed_pilot/base/images/train/03abb6cd9b107dfa28de1cc3fa93f6da.jpg,/content/data/processed_pilot/synthetic_inpaint/uniform/images/train/03abb6cd9b107dfa28de1cc3fa93f6da_uniform_c15_0006_s1500048.jpg,15,F117,"cloudy sky background, realistic atmosphere, aviation photography",1500048,True,20.22039604187012,0.8443016505200457,0.4221807718276977,7.331104755401611,True,,False
uniform,/content/data/processed_pilot/base/images/train/07036a2bab3c2b6c594df2ff11933fe5.jpg,/content/data/processed_pilot/synthetic_inpaint/uniform/images/train/07036a2bab3c2b6c594df2ff11933fe5_uniform_c15_0007_s1500049.jpg,15,F117,"clear blue sky, sunlight, realistic aircraft photography",1500049,True,14.51672077178955,0.7366672498188449,0.2814105749130249,20.74543571472168,True,,False
uniform,/content/data/processed_pilot/base/images/train/084feea5c395593b21019a5005dc2826.jpg,/content/data/processed_pilot/synthetic_inpaint/uniform/images/train/084feea5c395593b21019a5005dc2826_uniform_c15_0008_s1500050.jpg,15,F117,"realistic sky background, natural lighting, aviation photography, high resolution, realistic clouds",1500050,True,12.148688316345217,0.8008074736241396,0.373470664024353,6.78241491317749,True,,False
uniform,/content/data/processed_pilot/base/images/train/099cff4d4177ed7910dee11cd426b560.jpg,/content/data/processed_pilot/synthetic_inpaint/uniform/images/train/099cff4d4177ed7910dee11cd426b560_uniform_c15_0009_s1500051.jpg,15,F117,"realistic runway background, military airbase, natural lighting, aviation photography",1500051,True,25.517290115356445,0.5579752322816475,0.437363862991333,7.197876453399658,True,,False
uniform,/content/data/processed_pilot/base/images/train/0bfb6405e0451ac7fb1e119ac0286f0c.jpg,/content/data/processed_pilot/synthetic_inpaint/uniform/images/train/0bfb6405e0451ac7fb1e119ac0286f0c_uniform_c15_0010_s1500052.jpg,15,F117,"cloudy sky background, realistic atmosphere, aviation photography",1500052,True,35.4681282043457,0.4407456345325943,0.6381350755691528,27.56968307495117,True,,False
uniform,/content/data/processed_pilot/base/images/train/0d92bab5509040796b4e5d2b57257733.jpg,/content/data/processed_pilot/synthetic_inpaint/uniform/rejected/0d92bab5509040796b4e5d2b57257733_uniform_c15_0011_s1500053.jpg,15,F117,"clear blue sky, sunlight, realistic aircraft photography",1500053,False,8.052617073059082,0.9207664033226188,0.0840327739715576,3.8210508823394775,False,background_unchanged,False
uniform,/content/data/processed_pilot/base/images/train/0db493c6bc6f8d71de9c994760c7bfdf.jpg,/content/data/processed_pilot/synthetic_inpaint/uniform/images/train/0db493c6bc6f8d71de9c994760c7bfdf_uniform_c15_0012_s1500054.jpg,15,F117,"realistic sky background, natural lighting, aviation photography, high resolution, realistic clouds",1500054,True,30.71313095092773,0.4720609525407051,0.3634013831615448,9.244731903076172,True,,False
uniform,/content/data/processed_pilot/base/images/train/0ed39399589fdcc0b862b167e27ad0a1.jpg,/content/data/processed_pilot/synthetic_inpaint/uniform/images/train/0ed39399589fdcc0b862b167e27ad0a1_uniform_c15_0013_s1500055.jpg,15,F117,"realistic runway background, military airbase, natural lighting, aviation photography",1500055,True,49.96760940551758,0.527785839098385,0.6145886778831482,15.951105117797852,True,,False
uniform,/content/data/processed_pilot/base/images/train/11a750e7654f548964bb592c3ce49f15.jpg,/content/data/processed_pilot/synthetic_inpaint/uniform/images/train/11a750e7654f548964bb592c3ce49f15_uniform_c15_0014_s1500056.jpg,15,F117,"cloudy sky background, realistic atmosphere, aviation photography",1500056,True,12.10319709777832,0.9533720292866082,0.2951906323432922,6.843135833740234,True,,False
uniform,/content/data/processed_pilot/base/images/train/1304476292736068913004132ebd66ad.jpg,/content/data/processed_pilot/synthetic_inpaint/uniform/rejected/1304476292736068913004132ebd66ad_uniform_c15_0015_s1500057.jpg,15,F117,"clear blue sky, sunlight, realistic aircraft photography",1500057,False,4.929474353790283,0.8681935934343482,0.0486831739544868,4.296300411224365,False,background_unchanged,False
uniform,/content/data/processed_pilot/base/images/train/131c595156acce09b0fafe191395f649.jpg,/content/data/processed_pilot/synthetic_inpaint/uniform/images/train/131c595156acce09b0fafe191395f649_uniform_c15_0016_s1500058.jpg,15,F117,"realistic sky background, natural lighting, aviation photography, high resolution, realistic clouds",1500058,True,10.148540496826172,0.7272591973383657,0.1007645279169082,7.567989826202393,True,,False
uniform,/content/data/processed_pilot/base/images/train/138bbaf5b597d8d87b419aae982fa9da.jpg,/content/data/processed_pilot/synthetic_inpaint/uniform/rejected/138bbaf5b597d8d87b419aae982fa9da_uniform_c15_0017_s1500059.jpg,15,F117,"realistic runway background, military airbase, natural lighting, aviation photography",1500059,False,4.567647933959961,0.9804602135545384,0.0660918951034545,4.893493175506592,False,background_unchanged,False
uniform,/content/data/processed_pilot/base/images/train/1894eea5d506832c92e89df379ddc32a.jpg,/content/data/processed_pilot/synthetic_inpaint/uniform/images/train/1894eea5d506832c92e89df379ddc32a_uniform_c15_0018_s1500060.jpg,15,F117,"cloudy sky background, realistic atmosphere, aviation photography",1500060,True,18.97538375854492,0.5524326837478751,0.1736825108528137,8.292391777038574,True,,False
uniform,/content/data/processed_pilot/base/images/train/1b651671a5ee1adf39555baff7cde157.jpg,/content/data/processed_pilot/synthetic_inpaint/uniform/images/train/1b651671a5ee1adf39555baff7cde157_uniform_c15_0019_s1500061.jpg,15,F117,"clear blue sky, sunlight, realistic aircraft photography",1500061,True,15.795305252075195,0.666163249907559,0.2175765037536621,4.522970676422119,True,,False
uniform,/content/data/processed_pilot/base/images/train/1c32e3094163151d9ce3f0f99554dfeb.jpg,/content/data/processed_pilot/synthetic_inpaint/uniform/images/train/1c32e3094163151d9ce3f0f99554dfeb_uniform_c15_0020_s1500062.jpg,15,F117,"realistic sky background, natural lighting, aviation photography, high resolution, realistic clouds",1500062,True,16.713275909423828,0.7800455825894991,0.0489790588617324,9.69664192199707,True,,False
uniform,/content/data/processed_pilot/base/images/train/1d7c0b844f5ff19a9a0ad61e2db08d41.jpg,/content/data/processed_pilot/synthetic_inpaint/uniform/images/train/1d7c0b844f5ff19a9a0ad61e2db08d41_uniform_c15_0021_s1500063.jpg,15,F117,"realistic runway background, military airbase, natural lighting, aviation photography",1500063,True,10.795263290405272,0.7941700983103522,0.2498010396957397,5.317913055419922,True,,False
uniform,/content/data/processed_pilot/base/images/train/2380daa4946a0e1f7485778d94dbb2e2.jpg,/content/data/processed_pilot/synthetic_inpaint/uniform/images/train/2380daa4946a0e1f7485778d94dbb2e2_uniform_c15_0022_s1500064.jpg,15,F117,"cloudy sky background, realistic atmosphere, aviation photography",1500064,True,13.394987106323242,0.7935073648835432,0.3299952447414398,5.558443069458008,True,,False
uniform,/content/data/processed_pilot/base/images/train/23e24951b6fe5f7b0ee33c10ce88a36a.jpg,/content/data/processed_pilot/synthetic_inpaint/uniform/images/train/23e24951b6fe5f7b0ee33c10ce88a36a_uniform_c15_0023_s1500065.jpg,15,F117,"clear blue sky, sunlight, realistic aircraft photography",1500065,True,22.14797592163086,0.5235009626896153,0.1443752944469452,5.257623195648193,True,,False
uniform,/content/data/processed_pilot/base/images/train/000ec980b5b17156a55093b4bd6004ab.jpg,/content/data/processed_pilot/synthetic_inpaint/uniform/images/train/000ec980b5b17156a55093b4bd6004ab_uniform_c7_0000_s700042.jpg,7,Be200,"realistic sky background, natural lighting, aviation photography, high resolution, realistic clouds",700042,True,16.25673484802246,0.824444284795929,0.439241349697113,8.80424976348877,True,,False
uniform,/content/data/processed_pilot/base/images/train/005e486c03142ce64736bba86b347b96.jpg,/content/data/processed_pilot/synthetic_inpaint/uniform/images/train/005e486c03142ce64736bba86b347b96_uniform_c7_0001_s700043.jpg,7,Be200,"realistic runway background, military airbase, natural lighting, aviation photography",700043,True,27.988746643066406,0.5326885007528397,0.5719552040100098,15.551384925842283,True,,False
uniform,/content/data/processed_pilot/base/images/train/02c055a99b4b1054aa46eb299945e6ac.jpg,/content/data/processed_pilot/synthetic_inpaint/uniform/images/train/02c055a99b4b1054aa46eb299945e6ac_uniform_c7_0002_s700044.jpg,7,Be200,"cloudy sky background, realistic atmosphere, aviation photography",700044,True,10.345319747924805,0.8440140785102812,0.1444467604160308,3.909382581710816,True,,False
uniform,/content/data/processed_pilot/base/images/train/03d5a31cb343f84b6745566c5671075c.jpg,/content/data/processed_pilot/synthetic_inpaint/uniform/images/train/03d5a31cb343f84b6745566c5671075c_uniform_c7_0003_s700045.jpg,7,Be200,"clear blue sky, sunlight, realistic aircraft photography",700045,True,15.772296905517578,0.8275775687173743,0.1982979327440261,2.6105260848999023,True,,False
uniform,/content/data/processed_pilot/base/images/train/0431ca5a6a5479e5d2eb6a8c3e42ec6c.jpg,/content/data/processed_pilot/synthetic_inpaint/uniform/images/train/0431ca5a6a5479e5d2eb6a8c3e42ec6c_uniform_c7_0004_s700046.jpg,7,Be200,"realistic sky background, natural lighting, aviation photography, high resolution, realistic clouds",700046,True,29.448261260986328,0.3615610098703125,0.647315263748169,12.21392822265625,True,,False
uniform,/content/data/processed_pilot/base/images/train/0497bafdc79a76f855aa0687526c0265.jpg,/content/data/processed_pilot/synthetic_inpaint/uniform/images/train/0497bafdc79a76f855aa0687526c0265_uniform_c7_0005_s700047.jpg,7,Be200,"realistic runway background, military airbase, natural lighting, aviation photography",700047,True,12.308774948120115,0.5456057470928771,0.1755689829587936,11.09228515625,True,,False
uniform,/content/data/processed_pilot/base/images/train/058c36a1f3c52872ae56cbf9efba3cd7.jpg,/content/data/processed_pilot/synthetic_inpaint/uniform/images/train/058c36a1f3c52872ae56cbf9efba3cd7_uniform_c7_0006_s700048.jpg,7,Be200,"cloudy sky background, realistic atmosphere, aviation photography",700048,True,22.28383445739746,0.6846027042878811,0.5445365905761719,15.221141815185549,True,,False
uniform,/content/data/processed_pilot/base/images/train/07c22423a1fc3996fa5aef5af0afe152.jpg,/content/data/processed_pilot/synthetic_inpaint/uniform/rejected/07c22423a1fc3996fa5aef5af0afe152_uniform_c7_0007_s700049.jpg,7,Be200,"clear blue sky, sunlight, realistic aircraft photography",700049,False,4.625372886657715,0.9856873181356324,0.0158489495515823,8.205244064331055,False,background_unchanged,False
uniform,/content/data/processed_pilot/base/images/train/08393207d7a27fa1f1a8ea16025a2e8c.jpg,/content/data/processed_pilot/synthetic_inpaint/uniform/images/train/08393207d7a27fa1f1a8ea16025a2e8c_uniform_c7_0008_s700050.jpg,7,Be200,"realistic sky background, natural lighting, aviation photography, high resolution, realistic clouds",700050,True,10.331732749938965,0.9011653034532788,0.1315509974956512,6.618429183959961,True,,False
uniform,/content/data/processed_pilot/base/images/train/089a55b1e605caa0c46b956a3e63e1c5.jpg,/content/data/processed_pilot/synthetic_inpaint/uniform/images/train/089a55b1e605caa0c46b956a3e63e1c5_uniform_c7_0009_s700051.jpg,7,Be200,"realistic runway background, military airbase, natural lighting, aviation photography",700051,True,31.215625762939453,0.2950532808339087,0.1058116257190704,11.733962059020996,True,,False
uniform,/content/data/processed_pilot/base/images/train/0978551bc6903340433012137d7d259a.jpg,/content/data/processed_pilot/synthetic_inpaint/uniform/images/train/0978551bc6903340433012137d7d259a_uniform_c7_0010_s700052.jpg,7,Be200,"cloudy sky background, realistic atmosphere, aviation photography",700052,True,12.05268383026123,0.9331908988498068,0.2631185352802276,21.844757080078125,True,,False
uniform,/content/data/processed_pilot/base/images/train/09991ea153fbfe09244966d8619f6b70.jpg,/content/data/processed_pilot/synthetic_inpaint/uniform/rejected/09991ea153fbfe09244966d8619f6b70_uniform_c7_0011_s700053.jpg,7,Be200,"clear blue sky, sunlight, realistic aircraft photography",700053,False,7.876280307769775,0.9462004511965952,0.2311230152845382,6.110921859741211,False,background_unchanged,False
uniform,/content/data/processed_pilot/base/images/train/09ad162eee432447855e16597924bacc.jpg,/content/data/processed_pilot/synthetic_inpaint/uniform/images/train/09ad162eee432447855e16597924bacc_uniform_c7_0012_s700054.jpg,7,Be200,"realistic sky background, natural lighting, aviation photography, high resolution, realistic clouds",700054,True,18.765554428100582,0.660492952781687,0.4466630518436432,32.8353271484375,True,,False
uniform,/content/data/processed_pilot/base/images/train/0ac42f60fe5f4fe584480b1b0afb2022.jpg,/content/data/processed_pilot/synthetic_inpaint/uniform/images/train/0ac42f60fe5f4fe584480b1b0afb2022_uniform_c7_0013_s700055.jpg,7,Be200,"realistic runway background, military airbase, natural lighting, aviation photography",700055,True,15.41611385345459,0.8366791241005943,0.4461040496826172,11.869279861450195,True,,False
uniform,/content/data/processed_pilot/base/images/train/0add4b38f54f0cb7595483a8670a8fd7.jpg,/content/data/processed_pilot/synthetic_inpaint/uniform/images/train/0add4b38f54f0cb7595483a8670a8fd7_uniform_c7_0014_s700056.jpg,7,Be200,"cloudy sky background, realistic atmosphere, aviation photography",700056,True,11.201605796813965,0.817047232777933,0.0395378172397613,7.227332592010498,True,,False
uniform,/content/data/processed_pilot/base/images/train/0bd81c2333942ce37004f8b0c992aa10.jpg,/content/data/processed_pilot/synthetic_inpaint/uniform/rejected/0bd81c2333942ce37004f8b0c992aa10_uniform_c7_0015_s700057.jpg,7,Be200,"clear blue sky, sunlight, realistic aircraft photography",700057,False,9.61913776397705,0.846968408102772,0.2743063569068908,3.957496404647827,False,background_unchanged,False
uniform,/content/data/processed_pilot/base/images/train/0e2bf9652a6bb839f66d4d0d55a54560.jpg,/content/data/processed_pilot/synthetic_inpaint/uniform/images/train/0e2bf9652a6bb839f66d4d0d55a54560_uniform_c7_0016_s700058.jpg,7,Be200,"realistic sky background, natural lighting, aviation photography, high resolution, realistic clouds",700058,True,16.895952224731445,0.765473713840076,0.0866114795207977,5.217813491821289,True,,False
uniform,/content/data/processed_pilot/base/images/train/0ee83af7501881d8ceec16164d1bfd45.jpg,/content/data/processed_pilot/synthetic_inpaint/uniform/images/train/0ee83af7501881d8ceec16164d1bfd45_uniform_c7_0017_s700059.jpg,7,Be200,"realistic runway background, military airbase, natural lighting, aviation photography",700059,True,19.22763442993164,0.5175061845768748,0.0489199422299861,6.671646118164063,True,,False
uniform,/content/data/processed_pilot/base/images/train/0ffc781c553619a8a5c49f596b4cc1ee.jpg,/content/data/processed_pilot/synthetic_inpaint/uniform/images/train/0ffc781c553619a8a5c49f596b4cc1ee_uniform_c7_0018_s700060.jpg,7,Be200,"cloudy sky background, realistic atmosphere, aviation photography",700060,True,17.441495895385742,0.7603178002232953,0.348116010427475,12.90084171295166,True,,False
uniform,/content/data/processed_pilot/base/images/train/13205f31e0fb785afac4f208dddf9a51.jpg,/content/data/processed_pilot/synthetic_inpaint/uniform/images/train/13205f31e0fb785afac4f208dddf9a51_uniform_c7_0019_s700061.jpg,7,Be200,"clear blue sky, sunlight, realistic aircraft photography",700061,True,16.082717895507812,0.6314602072880071,0.0903910771012306,10.079687118530272,True,,False
uniform,/content/data/processed_pilot/base/images/train/1471c3a29acf88360ffd7018b061dbd1.jpg,/content/data/processed_pilot/synthetic_inpaint/uniform/images/train/1471c3a29acf88360ffd7018b061dbd1_uniform_c7_0020_s700062.jpg,7,Be200,"realistic sky background, natural lighting, aviation photography, high resolution, realistic clouds",700062,True,19.49767303466797,0.6062202471590517,0.4656770825386047,24.807018280029297,True,,False
uniform,/content/data/processed_pilot/base/images/train/1a90665e29449d2882fbfffb08f8bfb9.jpg,/content/data/processed_pilot/synthetic_inpaint/uniform/rejected/1a90665e29449d2882fbfffb08f8bfb9_uniform_c7_0021_s700063.jpg,7,Be200,"realistic runway background, military airbase, natural lighting, aviation photography",700063,False,5.661928653717041,0.9862984721275948,0.0609346516430377,5.400733947753906,False,background_unchanged,False
uniform,/content/data/processed_pilot/base/images/train/1aa2def8c6fb309a9d0d6a1e2ae0b1e7.jpg,/content/data/processed_pilot/synthetic_inpaint/uniform/images/train/1aa2def8c6fb309a9d0d6a1e2ae0b1e7_uniform_c7_0022_s700064.jpg,7,Be200,"cloudy sky background, realistic atmosphere, aviation photography",700064,True,10.097129821777344,0.8541547703012261,0.0113267479464411,7.521043300628662,True,,False
uniform,/content/data/processed_pilot/base/images/train/1ac7a88fbf2517520099f443c230cfe2.jpg,/content/data/processed_pilot/synthetic_inpaint/uniform/images/train/1ac7a88fbf2517520099f443c230cfe2_uniform_c7_0023_s700065.jpg,7,Be200,"clear blue sky, sunlight, realistic aircraft photography",700065,True,20.20500373840332,0.6165248220716242,0.4554774165153503,22.403839111328125,True,,False
uniform,/content/data/processed_pilot/base/images/train/014313402292d8dbc688f9f1c50fa0ad.jpg,/content/data/processed_pilot/synthetic_inpaint/uniform/rejected/014313402292d8dbc688f9f1c50fa0ad_uniform_c2_0000_s200042.jpg,2,AG600,"realistic sky background, natural lighting, aviation photography, high resolution, realistic clouds",200042,False,4.796902179718018,0.986535341154375,0.0346750803291797,5.234952449798584,False,background_unchanged,False
uniform,/content/data/processed_pilot/base/images/train/02603f28fc8e14b08dfff751d0257860.jpg,/content/data/processed_pilot/synthetic_inpaint/uniform/rejected/02603f28fc8e14b08dfff751d0257860_uniform_c2_0001_s200043.jpg,2,AG600,"realistic runway background, military airbase, natural lighting, aviation photography",200043,False,7.183187484741211,0.8545365964610222,0.0600775256752967,7.0999040603637695,False,background_unchanged,False
uniform,/content/data/processed_pilot/base/images/train/069ca92d094c40a06ae406970e23e115.jpg,/content/data/processed_pilot/synthetic_inpaint/uniform/images/train/069ca92d094c40a06ae406970e23e115_uniform_c2_0002_s200044.jpg,2,AG600,"cloudy sky background, realistic atmosphere, aviation photography",200044,True,17.900714874267578,0.6009514757399806,0.5303819179534912,20.17701530456543,True,,False
uniform,/content/data/processed_pilot/base/images/train/0a13a49b1de78259ec8b646e9cb748d8.jpg,/content/data/processed_pilot/synthetic_inpaint/uniform/images/train/0a13a49b1de78259ec8b646e9cb748d8_uniform_c2_0003_s200045.jpg,2,AG600,"clear blue sky, sunlight, realistic aircraft photography",200045,True,15.273232460021973,0.7993302586456663,0.0281384773552417,9.46459674835205,True,,False
uniform,/content/data/processed_pilot/base/images/train/0a43582113c2f8f9a9f45fac4dc9c9e9.jpg,/content/data/processed_pilot/synthetic_inpaint/uniform/images/train/0a43582113c2f8f9a9f45fac4dc9c9e9_uniform_c2_0004_s200046.jpg,2,AG600,"realistic sky background, natural lighting, aviation photography, high resolution, realistic clouds",200046,True,13.264243125915527,0.4955335549661211,0.1196513473987579,11.151639938354492,True,,False
uniform,/content/data/processed_pilot/base/images/train/0b484ab1e555f80c1f46c8b2350351e3.jpg,/content/data/processed_pilot/synthetic_inpaint/uniform/rejected/0b484ab1e555f80c1f46c8b2350351e3_uniform_c2_0005_s200047.jpg,2,AG600,"realistic runway background, military airbase, natural lighting, aviation photography",200047,False,5.569477081298828,0.9647968865273115,0.0422109737992286,5.397914886474609,False,background_unchanged,False
uniform,/content/data/processed_pilot/base/images/train/0c84eefb0eded91310a0b2e4f4bac511.jpg,/content/data/processed_pilot/synthetic_inpaint/uniform/images/train/0c84eefb0eded91310a0b2e4f4bac511_uniform_c2_0006_s200048.jpg,2,AG600,"cloudy sky background, realistic atmosphere, aviation photography",200048,True,22.66961479187012,0.3713517875562335,0.0098891118541359,18.37558937072754,True,,False
uniform,/content/data/processed_pilot/base/images/train/0cb13849bf51b225d1a4340a037f80b5.jpg,/content/data/processed_pilot/synthetic_inpaint/uniform/images/train/0cb13849bf51b225d1a4340a037f80b5_uniform_c2_0007_s200049.jpg,2,AG600,"clear blue sky, sunlight, realistic aircraft photography",200049,True,11.66096019744873,0.823425900444966,0.1801349967718124,23.304676055908203,True,,False
uniform,/content/data/processed_pilot/base/images/train/0e39fea4972bc2b5eb93c9b21ff1d272.jpg,/content/data/processed_pilot/synthetic_inpaint/uniform/images/train/0e39fea4972bc2b5eb93c9b21ff1d272_uniform_c2_0008_s200050.jpg,2,AG600,"realistic sky background, natural lighting, aviation photography, high resolution, realistic clouds",200050,True,22.22163963317871,0.4928969726051216,0.1810974776744842,8.40540599822998,True,,False
uniform,/content/data/processed_pilot/base/images/train/0e3e2ff51f9f59a22776f66562bcb08d.jpg,/content/data/processed_pilot/synthetic_inpaint/uniform/images/train/0e3e2ff51f9f59a22776f66562bcb08d_uniform_c2_0009_s200051.jpg,2,AG600,"realistic runway background, military airbase, natural lighting, aviation photography",200051,True,11.333075523376465,0.7255459382502355,0.0292755216360092,6.8371663093566895,True,,False
uniform,/content/data/processed_pilot/base/images/train/0e8a90a8865410bf0531e8ee82cf477e.jpg,/content/data/processed_pilot/synthetic_inpaint/uniform/images/train/0e8a90a8865410bf0531e8ee82cf477e_uniform_c2_0010_s200052.jpg,2,AG600,"cloudy sky background, realistic atmosphere, aviation photography",200052,True,10.484171867370604,0.5946771632961215,0.1641745567321777,10.079461097717283,True,,False
uniform,/content/data/processed_pilot/base/images/train/1304a2af0a831a96450699f51257a1f7.jpg,/content/data/processed_pilot/synthetic_inpaint/uniform/rejected/1304a2af0a831a96450699f51257a1f7_uniform_c2_0011_s200053.jpg,2,AG600,"clear blue sky, sunlight, realistic aircraft photography",200053,False,7.713243961334228,0.9287202840447412,0.0192917454987764,3.225442886352539,False,background_unchanged,False
uniform,/content/data/processed_pilot/base/images/train/1449ed1726c3f56fffe518244afcc828.jpg,/content/data/processed_pilot/synthetic_inpaint/uniform/images/train/1449ed1726c3f56fffe518244afcc828_uniform_c2_0012_s200054.jpg,2,AG600,"realistic sky background, natural lighting, aviation photography, high resolution, realistic clouds",200054,True,10.266275405883787,0.866421429874698,0.1364786773920059,8.001153945922852,True,,False
uniform,/content/data/processed_pilot/base/images/train/171f8d0c589550a8674104820239a79a.jpg,/content/data/processed_pilot/synthetic_inpaint/uniform/images/train/171f8d0c589550a8674104820239a79a_uniform_c2_0013_s200055.jpg,2,AG600,"realistic runway background, military airbase, natural lighting, aviation photography",200055,True,19.11383056640625,0.7204649881263986,0.3173763155937195,17.869823455810547,True,,False
uniform,/content/data/processed_pilot/base/images/train/19e1a2a35fcb5fe4af34b0f6e623e7ce.jpg,/content/data/processed_pilot/synthetic_inpaint/uniform/images/train/19e1a2a35fcb5fe4af34b0f6e623e7ce_uniform_c2_0014_s200056.jpg,2,AG600,"cloudy sky background, realistic atmosphere, aviation photography",200056,True,13.00548267364502,0.8509155806335719,0.1869802922010421,3.849611520767212,True,,False
uniform,/content/data/processed_pilot/base/images/train/1a7dff126f30e32e3ead89d0ab38d2bf.jpg,/content/data/processed_pilot/synthetic_inpaint/uniform/images/train/1a7dff126f30e32e3ead89d0ab38d2bf_uniform_c2_0015_s200057.jpg,2,AG600,"clear blue sky, sunlight, realistic aircraft photography",200057,True,18.84705352783203,0.7696968839147137,0.1765737533569336,4.454221248626709,True,,False
uniform,/content/data/processed_pilot/base/images/train/1aaeacb70ebd76b24ee7a924d4904d53.jpg,/content/data/processed_pilot/synthetic_inpaint/uniform/images/train/1aaeacb70ebd76b24ee7a924d4904d53_uniform_c2_0016_s200058.jpg,2,AG600,"realistic sky background, natural lighting, aviation photography, high resolution, realistic clouds",200058,True,14.801225662231444,0.5892077765924558,0.3500556051731109,11.220396995544434,True,,False
uniform,/content/data/processed_pilot/base/images/train/1be2302e3c64d03f0eb51eee2cc81e29.jpg,/content/data/processed_pilot/synthetic_inpaint/uniform/images/train/1be2302e3c64d03f0eb51eee2cc81e29_uniform_c2_0017_s200059.jpg,2,AG600,"realistic runway background, military airbase, natural lighting, aviation photography",200059,True,14.9890775680542,0.6767181775440215,0.3188492953777313,9.084821701049805,True,,False
uniform,/content/data/processed_pilot/base/images/train/1fcb30a19f21865b02765fe028816039.jpg,/content/data/processed_pilot/synthetic_inpaint/uniform/images/train/1fcb30a19f21865b02765fe028816039_uniform_c2_0018_s200060.jpg,2,AG600,"cloudy sky background, realistic atmosphere, aviation photography",200060,True,15.95771312713623,0.7178079425270191,0.3165440559387207,14.85246467590332,True,,False
uniform,/content/data/processed_pilot/base/images/train/20eac838169d3e11b0de3bffb788f311.jpg,/content/data/processed_pilot/synthetic_inpaint/uniform/rejected/20eac838169d3e11b0de3bffb788f311_uniform_c2_0019_s200061.jpg,2,AG600,"clear blue sky, sunlight, realistic aircraft photography",200061,False,9.272785186767578,0.8441846279382292,0.0644511356949806,6.31552267074585,False,background_unchanged,False
uniform,/content/data/processed_pilot/base/images/train/2151be7803242b291c6bfb1f4bf3422f.jpg,/content/data/processed_pilot/synthetic_inpaint/uniform/rejected/2151be7803242b291c6bfb1f4bf3422f_uniform_c2_0020_s200062.jpg,2,AG600,"realistic sky background, natural lighting, aviation photography, high resolution, realistic clouds",200062,False,6.994697093963623,0.9902398238521288,0.0236278846859931,4.595534801483154,False,background_unchanged,False
uniform,/content/data/processed_pilot/base/images/train/2183dd0d06ae04b0b450edfa7a6b586a.jpg,/content/data/processed_pilot/synthetic_inpaint/uniform/images/train/2183dd0d06ae04b0b450edfa7a6b586a_uniform_c2_0021_s200063.jpg,2,AG600,"realistic runway background, military airbase, natural lighting, aviation photography",200063,True,21.10109519958496,0.5536875561295947,0.4039649367332458,19.379470825195312,True,,False
uniform,/content/data/processed_pilot/base/images/train/21ccf26b0f54db5793896c2ee79d024e.jpg,/content/data/processed_pilot/synthetic_inpaint/uniform/images/train/21ccf26b0f54db5793896c2ee79d024e_uniform_c2_0022_s200064.jpg,2,AG600,"cloudy sky background, realistic atmosphere, aviation photography",200064,True,10.430119514465332,0.7866570474030952,0.2156872749328613,6.565709114074707,True,,False
uniform,/content/data/processed_pilot/base/images/train/2405877c974ebcc279b0234e6181ae50.jpg,/content/data/processed_pilot/synthetic_inpaint/uniform/images/train/2405877c974ebcc279b0234e6181ae50_uniform_c2_0023_s200065.jpg,2,AG600,"clear blue sky, sunlight, realistic aircraft photography",200065,True,10.743950843811035,0.85884104314841,0.2970271110534668,7.875690937042236,True,,False
uniform,/content/data/processed_pilot/base/images/train/00ea3b9658576d41ec570bd558e81fe4.jpg,/content/data/processed_pilot/synthetic_inpaint/uniform/images/train/00ea3b9658576d41ec570bd558e81fe4_uniform_c13_0000_s1300042.jpg,13,E7,"realistic sky background, natural lighting, aviation photography, high resolution, realistic clouds",1300042,True,11.804483413696287,0.7085565206266972,0.1334122866392135,5.014804840087891,True,,False
uniform,/content/data/processed_pilot/base/images/train/06dfca9d58c81975c587ae5240449e4e.jpg,/content/data/processed_pilot/synthetic_inpaint/uniform/images/train/06dfca9d58c81975c587ae5240449e4e_uniform_c13_0001_s1300043.jpg,13,E7,"realistic runway background, military airbase, natural lighting, aviation photography",1300043,True,28.280048370361328,0.6575992760998064,0.3074149489402771,4.913264751434326,True,,False
uniform,/content/data/processed_pilot/base/images/train/06e1a045924708851620c1366b0e813a.jpg,/content/data/processed_pilot/synthetic_inpaint/uniform/images/train/06e1a045924708851620c1366b0e813a_uniform_c13_0002_s1300044.jpg,13,E7,"cloudy sky background, realistic atmosphere, aviation photography",1300044,True,49.66002655029297,0.3998387917396815,0.5993632674217224,13.227895736694336,True,,False
uniform,/content/data/processed_pilot/base/images/train/0e0e72c6072ca0eaeb8ea6e95af0c63c.jpg,/content/data/processed_pilot/synthetic_inpaint/uniform/rejected/0e0e72c6072ca0eaeb8ea6e95af0c63c_uniform_c13_0003_s1300045.jpg,13,E7,"clear blue sky, sunlight, realistic aircraft photography",1300045,False,3.744452476501465,0.981954014899884,0.027962340041995,6.872162342071533,False,background_unchanged,False
uniform,/content/data/processed_pilot/base/images/train/0f7ebf920a66f19a58b55f62a1c3f988.jpg,/content/data/processed_pilot/synthetic_inpaint/uniform/images/train/0f7ebf920a66f19a58b55f62a1c3f988_uniform_c13_0004_s1300046.jpg,13,E7,"realistic sky background, natural lighting, aviation photography, high resolution, realistic clouds",1300046,True,24.22789001464844,0.4580119368640868,0.4305235743522644,10.600192070007324,True,,False
uniform,/content/data/processed_pilot/base/images/train/0fa0b4fe40111ce7e6a2be5778948070.jpg,/content/data/processed_pilot/synthetic_inpaint/uniform/images/train/0fa0b4fe40111ce7e6a2be5778948070_uniform_c13_0005_s1300047.jpg,13,E7,"realistic runway background, military airbase, natural lighting, aviation photography",1300047,True,16.545581817626953,0.8112242470290401,0.1140596568584442,8.793309211730957,True,,False
uniform,/content/data/processed_pilot/base/images/train/10946ac1f135dd1271d2080dc75410fa.jpg,/content/data/processed_pilot/synthetic_inpaint/uniform/images/train/10946ac1f135dd1271d2080dc75410fa_uniform_c13_0006_s1300048.jpg,13,E7,"cloudy sky background, realistic atmosphere, aviation photography",1300048,True,10.407748222351074,0.8722648993357506,0.0638651326298713,3.743424892425537,True,,False
uniform,/content/data/processed_pilot/base/images/train/112a93ecfe72d7c847f63cfda01c979e.jpg,/content/data/processed_pilot/synthetic_inpaint/uniform/rejected/112a93ecfe72d7c847f63cfda01c979e_uniform_c13_0007_s1300049.jpg,13,E7,"clear blue sky, sunlight, realistic aircraft photography",1300049,False,9.04730224609375,0.8608026874021797,0.3427221477031708,11.21153450012207,False,background_unchanged,False
uniform,/content/data/processed_pilot/base/images/train/113af19a4cccf4c12d8b7aa5d5df806d.jpg,/content/data/processed_pilot/synthetic_inpaint/uniform/rejected/113af19a4cccf4c12d8b7aa5d5df806d_uniform_c13_0008_s1300050.jpg,13,E7,"realistic sky background, natural lighting, aviation photography, high resolution, realistic clouds",1300050,False,7.428657531738281,0.9159113536057086,0.0713904276490211,7.002017498016357,False,background_unchanged,False
uniform,/content/data/processed_pilot/base/images/train/1147ff5a41547c17ec39fe244595ead1.jpg,/content/data/processed_pilot/synthetic_inpaint/uniform/images/train/1147ff5a41547c17ec39fe244595ead1_uniform_c13_0009_s1300051.jpg,13,E7,"realistic runway background, military airbase, natural lighting, aviation photography",1300051,True,39.29085540771485,0.4600177066179255,0.5965743660926819,27.371994018554688,True,,False
uniform,/content/data/processed_pilot/base/images/train/1460beb77315c837123045d2241d2176.jpg,/content/data/processed_pilot/synthetic_inpaint/uniform/images/train/1460beb77315c837123045d2241d2176_uniform_c13_0010_s1300052.jpg,13,E7,"cloudy sky background, realistic atmosphere, aviation photography",1300052,True,36.59071731567383,0.5295034744211937,0.3612061738967895,9.564584732055664,True,,False
uniform,/content/data/processed_pilot/base/images/train/166311e46b7871b753f56f30b8afc20d.jpg,/content/data/processed_pilot/synthetic_inpaint/uniform/images/train/166311e46b7871b753f56f30b8afc20d_uniform_c13_0011_s1300053.jpg,13,E7,"clear blue sky, sunlight, realistic aircraft photography",1300053,True,11.806105613708496,0.8789111286416936,0.0670749843120575,12.373010635375977,True,,False
uniform,/content/data/processed_pilot/base/images/train/1b4e14d0629f8b45de82671dc7a867a8.jpg,/content/data/processed_pilot/synthetic_inpaint/uniform/images/train/1b4e14d0629f8b45de82671dc7a867a8_uniform_c13_0012_s1300054.jpg,13,E7,"realistic sky background, natural lighting, aviation photography, high resolution, realistic clouds",1300054,True,12.372139930725098,0.5452160845578232,0.0073788799345493,8.228851318359375,True,,False
uniform,/content/data/processed_pilot/base/images/train/21623a68bfff203b8b99aaf420e99af5.jpg,/content/data/processed_pilot/synthetic_inpaint/uniform/images/train/21623a68bfff203b8b99aaf420e99af5_uniform_c13_0013_s1300055.jpg,13,E7,"realistic runway background, military airbase, natural lighting, aviation photography",1300055,True,11.074559211730955,0.8501182369957199,0.05652691796422,5.739891529083252,True,,False
uniform,/content/data/processed_pilot/base/images/train/243b331f851e2115fd94731227145f72.jpg,/content/data/processed_pilot/synthetic_inpaint/uniform/images/train/243b331f851e2115fd94731227145f72_uniform_c13_0014_s1300056.jpg,13,E7,"cloudy sky background, realistic atmosphere, aviation photography",1300056,True,11.271817207336426,0.8969999855119848,0.1559124141931533,7.4316086769104,True,,False
uniform,/content/data/processed_pilot/base/images/train/2b743eb725c1143c884bdd947b3b3677.jpg,/content/data/processed_pilot/synthetic_inpaint/uniform/images/train/2b743eb725c1143c884bdd947b3b3677_uniform_c13_0015_s1300057.jpg,13,E7,"clear blue sky, sunlight, realistic aircraft photography",1300057,True,10.969433784484863,0.8543698120995048,0.0300912745296955,5.6372389793396,True,,False
uniform,/content/data/processed_pilot/base/images/train/00ea3b9658576d41ec570bd558e81fe4.jpg,/content/data/processed_pilot/synthetic_inpaint/uniform/images/train/00ea3b9658576d41ec570bd558e81fe4_uniform_c13_0016_s1300058.jpg,13,E7,"realistic sky background, natural lighting, aviation photography, high resolution, realistic clouds",1300058,True,16.69342613220215,0.6989507015307884,0.1472335159778595,5.50045108795166,True,,False
uniform,/content/data/processed_pilot/base/images/train/06dfca9d58c81975c587ae5240449e4e.jpg,/content/data/processed_pilot/synthetic_inpaint/uniform/images/train/06dfca9d58c81975c587ae5240449e4e_uniform_c13_0017_s1300059.jpg,13,E7,"realistic runway background, military airbase, natural lighting, aviation photography",1300059,True,26.37619400024414,0.6733323830056543,0.281663715839386,5.302231788635254,True,,False
uniform,/content/data/processed_pilot/base/images/train/06e1a045924708851620c1366b0e813a.jpg,/content/data/processed_pilot/synthetic_inpaint/uniform/images/train/06e1a045924708851620c1366b0e813a_uniform_c13_0018_s1300060.jpg,13,E7,"cloudy sky background, realistic atmosphere, aviation photography",1300060,True,48.23408508300781,0.3745142977927593,0.5496088266372681,12.798009872436523,True,,False
uniform,/content/data/processed_pilot/base/images/train/0e0e72c6072ca0eaeb8ea6e95af0c63c.jpg,/content/data/processed_pilot/synthetic_inpaint/uniform/rejected/0e0e72c6072ca0eaeb8ea6e95af0c63c_uniform_c13_0019_s1300061.jpg,13,E7,"clear blue sky, sunlight, realistic aircraft photography",1300061,False,5.044472217559815,0.9814807809623104,0.0304002650082111,7.619194030761719,False,background_unchanged,False
uniform,/content/data/processed_pilot/base/images/train/0f7ebf920a66f19a58b55f62a1c3f988.jpg,/content/data/processed_pilot/synthetic_inpaint/uniform/images/train/0f7ebf920a66f19a58b55f62a1c3f988_uniform_c13_0020_s1300062.jpg,13,E7,"realistic sky background, natural lighting, aviation photography, high resolution, realistic clouds",1300062,True,30.067127227783203,0.3852783229398651,0.4405678212642669,10.71717357635498,True,,False
uniform,/content/data/processed_pilot/base/images/train/0fa0b4fe40111ce7e6a2be5778948070.jpg,/content/data/processed_pilot/synthetic_inpaint/uniform/images/train/0fa0b4fe40111ce7e6a2be5778948070_uniform_c13_0021_s1300063.jpg,13,E7,"realistic runway background, military airbase, natural lighting, aviation photography",1300063,True,13.75002384185791,0.8105315716953048,0.1175143867731094,9.067866325378418,True,,False
uniform,/content/data/processed_pilot/base/images/train/10946ac1f135dd1271d2080dc75410fa.jpg,/content/data/processed_pilot/synthetic_inpaint/uniform/rejected/10946ac1f135dd1271d2080dc75410fa_uniform_c13_0022_s1300064.jpg,13,E7,"cloudy sky background, realistic atmosphere, aviation photography",1300064,False,7.353949546813965,0.8851794958914763,0.0427420958876609,3.930717468261719,False,background_unchanged,False
uniform,/content/data/processed_pilot/base/images/train/112a93ecfe72d7c847f63cfda01c979e.jpg,/content/data/processed_pilot/synthetic_inpaint/uniform/rejected/112a93ecfe72d7c847f63cfda01c979e_uniform_c13_0023_s1300065.jpg,13,E7,"clear blue sky, sunlight, realistic aircraft photography",1300065,False,7.643242835998535,0.8979046740233357,0.1725250631570816,12.4019775390625,False,background_unchanged,False
selective,/content/data/processed_pilot/base/images/train/01a9c84cf8d5523da74a5a3e3ddc535f.jpg,/content/data/processed_pilot/synthetic_inpaint/rejected/01a9c84cf8d5523da74a5a3e3ddc535f_selective_c1_0000_s100042.jpg,1,A400M,"realistic sky background, natural lighting, aviation photography, high resolution, realistic clouds",100042,False,6.531939506530762,0.9615006183952424,0.10231998562812805,7.098148345947266,False,background_unchanged,False
selective,/content/data/processed_pilot/base/images/train/01eec1ab0a324ad589c8966ef232abc5.jpg,/content/data/processed_pilot/synthetic_inpaint/rejected/01eec1ab0a324ad589c8966ef232abc5_selective_c1_0001_s100043.jpg,1,A400M,"realistic runway background, military airbase, natural lighting, aviation photography",100043,False,7.3034491539001465,0.9011867338241124,0.13474589586257935,6.733550071716309,False,background_unchanged,False
selective,/content/data/processed_pilot/base/images/train/05d59a12f6323d082b1cfd07a9673852.jpg,/content/data/processed_pilot/synthetic_inpaint/images/train/05d59a12f6323d082b1cfd07a9673852_selective_c1_0002_s100044.jpg,1,A400M,"cloudy sky background, realistic atmosphere, aviation photography",100044,True,15.353181838989258,0.8573639122148766,0.2808067798614502,5.638886451721191,True,,False
selective,/content/data/processed_pilot/base/images/train/05ef1b83fab31eb6a2547c1b5c901873.jpg,/content/data/processed_pilot/synthetic_inpaint/images/train/05ef1b83fab31eb6a2547c1b5c901873_selective_c1_0003_s100045.jpg,1,A400M,"clear blue sky, sunlight, realistic aircraft photography",100045,True,13.281307220458984,0.7358757295723752,0.18267489969730377,11.217340469360352,True,,False
selective,/content/data/processed_pilot/base/images/train/0819904ba018364295a314dc6d1dce9d.jpg,/content/data/processed_pilot/synthetic_inpaint/images/train/0819904ba018364295a314dc6d1dce9d_selective_c1_0004_s100046.jpg,1,A400M,"realistic sky background, natural lighting, aviation photography, high resolution, realistic clouds",100046,True,15.330769538879395,0.7535999505810655,0.10178844630718231,6.571566581726074,True,,False
selective,/content/data/processed_pilot/base/images/train/09c31c9c8acf27ece476a67280b27a8f.jpg,/content/data/processed_pilot/synthetic_inpaint/images/train/09c31c9c8acf27ece476a67280b27a8f_selective_c1_0005_s100047.jpg,1,A400M,"realistic runway background, military airbase, natural lighting, aviation photography",100047,True,15.202075958251953,0.8808659606576658,0.3398272693157196,13.716195106506348,True,,False
selective,/content/data/processed_pilot/base/images/train/0a89565a88041220e21da1029da7996e.jpg,/content/data/processed_pilot/synthetic_inpaint/images/train/0a89565a88041220e21da1029da7996e_selective_c1_0006_s100048.jpg,1,A400M,"cloudy sky background, realistic atmosphere, aviation photography",100048,True,31.149805068969727,0.4079846366693935,0.3157578706741333,6.158344268798828,True,,False
selective,/content/data/processed_pilot/base/images/train/0b1163fd37945dd5e787a7e9c6e4afb8.jpg,/content/data/processed_pilot/synthetic_inpaint/rejected/0b1163fd37945dd5e787a7e9c6e4afb8_selective_c1_0007_s100049.jpg,1,A400M,"clear blue sky, sunlight, realistic aircraft photography",100049,False,2.424528121948242,0.9929855337471798,0.013604911975562572,4.720373153686523,False,background_unchanged,False
selective,/content/data/processed_pilot/base/images/train/0c87d94036b714a469ce88b5a56381df.jpg,/content/data/processed_pilot/synthetic_inpaint/images/train/0c87d94036b714a469ce88b5a56381df_selective_c1_0008_s100050.jpg,1,A400M,"realistic sky background, natural lighting, aviation photography, high resolution, realistic clouds",100050,True,15.261155128479004,0.6678845303441645,0.03005436435341835,7.633895397186279,True,,False
selective,/content/data/processed_pilot/base/images/train/0cd8e3527ff8843c0abed0f2b4237b2f.jpg,/content/data/processed_pilot/synthetic_inpaint/rejected/0cd8e3527ff8843c0abed0f2b4237b2f_selective_c1_0009_s100051.jpg,1,A400M,"realistic runway background, military airbase, natural lighting, aviation photography",100051,False,2.7823054790496826,0.9909407114670575,0.00973668321967125,3.8947370052337646,False,background_unchanged,False
selective,/content/data/processed_pilot/base/images/train/0d4df0394b30ef029ebdab78adb0497b.jpg,/content/data/processed_pilot/synthetic_inpaint/images/train/0d4df0394b30ef029ebdab78adb0497b_selective_c1_0010_s100052.jpg,1,A400M,"cloudy sky background, realistic atmosphere, aviation photography",100052,True,23.906494140625,0.48838266357227517,0.16527478396892548,7.636656761169434,True,,False
selective,/content/data/processed_pilot/base/images/train/0d6d9ddd77e8e06d0ad3f90d86562b77.jpg,/content/data/processed_pilot/synthetic_inpaint/images/train/0d6d9ddd77e8e06d0ad3f90d86562b77_selective_c1_0011_s100053.jpg,1,A400M,"clear blue sky, sunlight, realistic aircraft photography",100053,True,13.478925704956055,0.36637650981263425,0.078134685754776,10.299466133117676,True,,False
selective,/content/data/processed_pilot/base/images/train/0df039260ed7ea35241dae4fb0ba8ce3.jpg,/content/data/processed_pilot/synthetic_inpaint/images/train/0df039260ed7ea35241dae4fb0ba8ce3_selective_c1_0012_s100054.jpg,1,A400M,"realistic sky background, natural lighting, aviation photography, high resolution, realistic clouds",100054,True,10.159223556518555,0.9812304169615633,0.219268336892128,29.676700592041016,True,,False
selective,/content/data/processed_pilot/base/images/train/0e716f31bca23b339e850909cd87f3ee.jpg,/content/data/processed_pilot/synthetic_inpaint/images/train/0e716f31bca23b339e850909cd87f3ee_selective_c1_0013_s100055.jpg,1,A400M,"realistic runway background, military airbase, natural lighting, aviation photography",100055,True,18.64488983154297,0.746754073335368,0.1023012101650238,21.62348747253418,True,,False
selective,/content/data/processed_pilot/base/images/train/10b5be01a0076494be580195fba068b9.jpg,/content/data/processed_pilot/synthetic_inpaint/images/train/10b5be01a0076494be580195fba068b9_selective_c1_0014_s100056.jpg,1,A400M,"cloudy sky background, realistic atmosphere, aviation photography",100056,True,16.051467895507812,0.7311382126871435,0.08971746265888214,4.0998406410217285,True,,False
selective,/content/data/processed_pilot/base/images/train/123a1d94a3f5fb17755c913227e22ce6.jpg,/content/data/processed_pilot/synthetic_inpaint/images/train/123a1d94a3f5fb17755c913227e22ce6_selective_c1_0015_s100057.jpg,1,A400M,"clear blue sky, sunlight, realistic aircraft photography",100057,True,16.957304000854492,0.8071920496870142,0.26424911618232727,23.411590576171875,True,,False
selective,/content/data/processed_pilot/base/images/train/1404c8bff2966732e6a92d5540b3eee0.jpg,/content/data/processed_pilot/synthetic_inpaint/images/train/1404c8bff2966732e6a92d5540b3eee0_selective_c1_0016_s100058.jpg,1,A400M,"realistic sky background, natural lighting, aviation photography, high resolution, realistic clouds",100058,True,17.863866806030273,0.7362582112461892,0.2587047815322876,5.986047267913818,True,,False
selective,/content/data/processed_pilot/base/images/train/1486c1a22cf03def2caea6b762e38282.jpg,/content/data/processed_pilot/synthetic_inpaint/rejected/1486c1a22cf03def2caea6b762e38282_selective_c1_0017_s100059.jpg,1,A400M,"realistic runway background, military airbase, natural lighting, aviation photography",100059,False,6.6712541580200195,0.9927118363637172,0.02887457050383091,14.015275001525879,False,background_unchanged,False
selective,/content/data/processed_pilot/base/images/train/171770f46575ca726c7ffc46227791fe.jpg,/content/data/processed_pilot/synthetic_inpaint/images/train/171770f46575ca726c7ffc46227791fe_selective_c1_0018_s100060.jpg,1,A400M,"cloudy sky background, realistic atmosphere, aviation photography",100060,True,12.017091751098633,0.9429362969308561,0.32259947061538696,15.271705627441406,True,,False
selective,/content/data/processed_pilot/base/images/train/188ca74e68f97684d5093c2922590a8f.jpg,/content/data/processed_pilot/synthetic_inpaint/images/train/188ca74e68f97684d5093c2922590a8f_selective_c1_0019_s100061.jpg,1,A400M,"clear blue sky, sunlight, realistic aircraft photography",100061,True,13.935839653015137,0.6726380290422338,0.28360170125961304,11.549737930297852,True,,False
selective,/content/data/processed_pilot/base/images/train/1baa21016514467a1e39a7681df8a287.jpg,/content/data/processed_pilot/synthetic_inpaint/images/train/1baa21016514467a1e39a7681df8a287_selective_c1_0020_s100062.jpg,1,A400M,"realistic sky background, natural lighting, aviation photography, high resolution, realistic clouds",100062,True,31.48631477355957,0.5011691925445326,0.5714108943939209,13.071470260620117,True,,False
selective,/content/data/processed_pilot/base/images/train/1c5d2dc14a867dd109bb37dd5f089d8a.jpg,/content/data/processed_pilot/synthetic_inpaint/rejected/1c5d2dc14a867dd109bb37dd5f089d8a_selective_c1_0021_s100063.jpg,1,A400M,"realistic runway background, military airbase, natural lighting, aviation photography",100063,False,3.9666411876678467,0.8949699778439393,0.005480245221406221,5.077292442321777,False,background_unchanged,False
selective,/content/data/processed_pilot/base/images/train/1e5c8eec9398303eab6d1bd287877de7.jpg,/content/data/processed_pilot/synthetic_inpaint/images/train/1e5c8eec9398303eab6d1bd287877de7_selective_c1_0022_s100064.jpg,1,A400M,"cloudy sky background, realistic atmosphere, aviation photography",100064,True,19.095783233642578,0.7184011877811579,0.25107908248901367,10.20490550994873,True,,False
selective,/content/data/processed_pilot/base/images/train/1f3262b25a8174d834d89387424bdf09.jpg,/content/data/processed_pilot/synthetic_inpaint/images/train/1f3262b25a8174d834d89387424bdf09_selective_c1_0023_s100065.jpg,1,A400M,"clear blue sky, sunlight, realistic aircraft photography",100065,True,13.269330024719238,0.6452021070344633,0.01974170282483101,4.609804153442383,True,,False
selective,/content/data/processed_pilot/base/images/train/22d131794372be8b57af55c0993791c9.jpg,/content/data/processed_pilot/synthetic_inpaint/images/train/22d131794372be8b57af55c0993791c9_selective_c1_0024_s100066.jpg,1,A400M,"realistic sky background, natural lighting, aviation photography, high resolution, realistic clouds",100066,True,25.880958557128906,0.43445493440956556,0.11861856281757355,6.8325300216674805,True,,False
selective,/content/data/processed_pilot/base/images/train/23428bb54416a1dfce96e710e2eba603.jpg,/content/data/processed_pilot/synthetic_inpaint/rejected/23428bb54416a1dfce96e710e2eba603_selective_c1_0025_s100067.jpg,1,A400M,"realistic runway background, military airbase, natural lighting, aviation photography",100067,False,5.6755852699279785,0.8172868809526337,0.04972319304943085,5.295050621032715,False,background_unchanged,False
selective,/content/data/processed_pilot/base/images/train/234ba4fe051452ccc4b2b03bb8c54112.jpg,/content/data/processed_pilot/synthetic_inpaint/images/train/234ba4fe051452ccc4b2b03bb8c54112_selective_c1_0026_s100068.jpg,1,A400M,"cloudy sky background, realistic atmosphere, aviation photography",100068,True,11.309205055236816,0.9784244828953107,0.2306710034608841,15.762029647827148,True,,False
selective,/content/data/processed_pilot/base/images/train/00db76f676528477c66c93c7d24d7524.jpg,/content/data/processed_pilot/synthetic_inpaint/rejected/00db76f676528477c66c93c7d24d7524_selective_c15_0000_s1500042.jpg,15,F117,"realistic sky background, natural lighting, aviation photography, high resolution, realistic clouds",1500042,False,4.280887603759766,0.9925384947470046,0.014561599120497704,2.305717945098877,False,background_unchanged,False
selective,/content/data/processed_pilot/base/images/train/019f7906eb4c9cb55d26eaf85a55c888.jpg,/content/data/processed_pilot/synthetic_inpaint/images/train/019f7906eb4c9cb55d26eaf85a55c888_selective_c15_0001_s1500043.jpg,15,F117,"realistic runway background, military airbase, natural lighting, aviation photography",1500043,True,25.408702850341797,0.5756243928479614,0.5388837456703186,29.21042823791504,True,,False
selective,/content/data/processed_pilot/base/images/train/02995efe494d437a562b788de1c1836d.jpg,/content/data/processed_pilot/synthetic_inpaint/images/train/02995efe494d437a562b788de1c1836d_selective_c15_0002_s1500044.jpg,15,F117,"cloudy sky background, realistic atmosphere, aviation photography",1500044,True,18.6873779296875,0.5499553074686958,0.4941863417625427,7.9150495529174805,True,,False
selective,/content/data/processed_pilot/base/images/train/02a412b9229b8ca99896791056474ac6.jpg,/content/data/processed_pilot/synthetic_inpaint/images/train/02a412b9229b8ca99896791056474ac6_selective_c15_0003_s1500045.jpg,15,F117,"clear blue sky, sunlight, realistic aircraft photography",1500045,True,21.78655433654785,0.6894476140565572,0.456144243478775,8.942843437194824,True,,False
selective,/content/data/processed_pilot/base/images/train/02cf490c16553169edf7a31d27cea041.jpg,/content/data/processed_pilot/synthetic_inpaint/rejected/02cf490c16553169edf7a31d27cea041_selective_c15_0004_s1500046.jpg,15,F117,"realistic sky background, natural lighting, aviation photography, high resolution, realistic clouds",1500046,False,6.1139044761657715,0.9773108866583392,0.011653454042971134,2.7216298580169678,False,background_unchanged,False
selective,/content/data/processed_pilot/base/images/train/036179030343756747dc138155a452db.jpg,/content/data/processed_pilot/synthetic_inpaint/images/train/036179030343756747dc138155a452db_selective_c15_0005_s1500047.jpg,15,F117,"realistic runway background, military airbase, natural lighting, aviation photography",1500047,True,29.14817237854004,0.5080794508548835,0.5057735443115234,14.870083808898926,True,,False
selective,/content/data/processed_pilot/base/images/train/03abb6cd9b107dfa28de1cc3fa93f6da.jpg,/content/data/processed_pilot/synthetic_inpaint/images/train/03abb6cd9b107dfa28de1cc3fa93f6da_selective_c15_0006_s1500048.jpg,15,F117,"cloudy sky background, realistic atmosphere, aviation photography",1500048,True,20.220396041870117,0.8443016505200457,0.42218077182769775,7.331104755401611,True,,False
selective,/content/data/processed_pilot/base/images/train/07036a2bab3c2b6c594df2ff11933fe5.jpg,/content/data/processed_pilot/synthetic_inpaint/images/train/07036a2bab3c2b6c594df2ff11933fe5_selective_c15_0007_s1500049.jpg,15,F117,"clear blue sky, sunlight, realistic aircraft photography",1500049,True,14.51672077178955,0.7366672498188449,0.2814105749130249,20.74543571472168,True,,False
selective,/content/data/processed_pilot/base/images/train/084feea5c395593b21019a5005dc2826.jpg,/content/data/processed_pilot/synthetic_inpaint/images/train/084feea5c395593b21019a5005dc2826_selective_c15_0008_s1500050.jpg,15,F117,"realistic sky background, natural lighting, aviation photography, high resolution, realistic clouds",1500050,True,12.148688316345215,0.8008074736241396,0.373470664024353,6.78241491317749,True,,False
selective,/content/data/processed_pilot/base/images/train/099cff4d4177ed7910dee11cd426b560.jpg,/content/data/processed_pilot/synthetic_inpaint/images/train/099cff4d4177ed7910dee11cd426b560_selective_c15_0009_s1500051.jpg,15,F117,"realistic runway background, military airbase, natural lighting, aviation photography",1500051,True,25.517290115356445,0.5579752322816475,0.437363862991333,7.197876453399658,True,,False
selective,/content/data/processed_pilot/base/images/train/0bfb6405e0451ac7fb1e119ac0286f0c.jpg,/content/data/processed_pilot/synthetic_inpaint/images/train/0bfb6405e0451ac7fb1e119ac0286f0c_selective_c15_0010_s1500052.jpg,15,F117,"cloudy sky background, realistic atmosphere, aviation photography",1500052,True,35.4681282043457,0.44074563453259435,0.6381350755691528,27.569683074951172,True,,False
selective,/content/data/processed_pilot/base/images/train/0d92bab5509040796b4e5d2b57257733.jpg,/content/data/processed_pilot/synthetic_inpaint/rejected/0d92bab5509040796b4e5d2b57257733_selective_c15_0011_s1500053.jpg,15,F117,"clear blue sky, sunlight, realistic aircraft photography",1500053,False,8.052617073059082,0.9207664033226188,0.08403277397155762,3.8210508823394775,False,background_unchanged,False
selective,/content/data/processed_pilot/base/images/train/0db493c6bc6f8d71de9c994760c7bfdf.jpg,/content/data/processed_pilot/synthetic_inpaint/images/train/0db493c6bc6f8d71de9c994760c7bfdf_selective_c15_0012_s1500054.jpg,15,F117,"realistic sky background, natural lighting, aviation photography, high resolution, realistic clouds",1500054,True,30.713130950927734,0.4720609525407051,0.3634013831615448,9.244731903076172,True,,False
selective,/content/data/processed_pilot/base/images/train/0ed39399589fdcc0b862b167e27ad0a1.jpg,/content/data/processed_pilot/synthetic_inpaint/images/train/0ed39399589fdcc0b862b167e27ad0a1_selective_c15_0013_s1500055.jpg,15,F117,"realistic runway background, military airbase, natural lighting, aviation photography",1500055,True,49.96760940551758,0.527785839098385,0.6145886778831482,15.951105117797852,True,,False
selective,/content/data/processed_pilot/base/images/train/11a750e7654f548964bb592c3ce49f15.jpg,/content/data/processed_pilot/synthetic_inpaint/images/train/11a750e7654f548964bb592c3ce49f15_selective_c15_0014_s1500056.jpg,15,F117,"cloudy sky background, realistic atmosphere, aviation photography",1500056,True,12.10319709777832,0.9533720292866082,0.29519063234329224,6.843135833740234,True,,False
selective,/content/data/processed_pilot/base/images/train/1304476292736068913004132ebd66ad.jpg,/content/data/processed_pilot/synthetic_inpaint/rejected/1304476292736068913004132ebd66ad_selective_c15_0015_s1500057.jpg,15,F117,"clear blue sky, sunlight, realistic aircraft photography",1500057,False,4.929474353790283,0.8681935934343482,0.04868317395448685,4.296300411224365,False,background_unchanged,False
selective,/content/data/processed_pilot/base/images/train/131c595156acce09b0fafe191395f649.jpg,/content/data/processed_pilot/synthetic_inpaint/images/train/131c595156acce09b0fafe191395f649_selective_c15_0016_s1500058.jpg,15,F117,"realistic sky background, natural lighting, aviation photography, high resolution, realistic clouds",1500058,True,10.148540496826172,0.7272591973383657,0.10076452791690826,7.567989826202393,True,,False
selective,/content/data/processed_pilot/base/images/train/138bbaf5b597d8d87b419aae982fa9da.jpg,/content/data/processed_pilot/synthetic_inpaint/rejected/138bbaf5b597d8d87b419aae982fa9da_selective_c15_0017_s1500059.jpg,15,F117,"realistic runway background, military airbase, natural lighting, aviation photography",1500059,False,4.567647933959961,0.9804602135545385,0.06609189510345459,4.893493175506592,False,background_unchanged,False
selective,/content/data/processed_pilot/base/images/train/1894eea5d506832c92e89df379ddc32a.jpg,/content/data/processed_pilot/synthetic_inpaint/images/train/1894eea5d506832c92e89df379ddc32a_selective_c15_0018_s1500060.jpg,15,F117,"cloudy sky background, realistic atmosphere, aviation photography",1500060,True,18.975383758544922,0.5524326837478751,0.17368251085281372,8.292391777038574,True,,False
selective,/content/data/processed_pilot/base/images/train/1b651671a5ee1adf39555baff7cde157.jpg,/content/data/processed_pilot/synthetic_inpaint/images/train/1b651671a5ee1adf39555baff7cde157_selective_c15_0019_s1500061.jpg,15,F117,"clear blue sky, sunlight, realistic aircraft photography",1500061,True,15.795305252075195,0.666163249907559,0.2175765037536621,4.522970676422119,True,,False
selective,/content/data/processed_pilot/base/images/train/1c32e3094163151d9ce3f0f99554dfeb.jpg,/content/data/processed_pilot/synthetic_inpaint/images/train/1c32e3094163151d9ce3f0f99554dfeb_selective_c15_0020_s1500062.jpg,15,F117,"realistic sky background, natural lighting, aviation photography, high resolution, realistic clouds",1500062,True,16.713275909423828,0.7800455825894991,0.04897905886173248,9.69664192199707,True,,False
selective,/content/data/processed_pilot/base/images/train/1d7c0b844f5ff19a9a0ad61e2db08d41.jpg,/content/data/processed_pilot/synthetic_inpaint/images/train/1d7c0b844f5ff19a9a0ad61e2db08d41_selective_c15_0021_s1500063.jpg,15,F117,"realistic runway background, military airbase, natural lighting, aviation photography",1500063,True,10.795263290405273,0.7941700983103522,0.24980103969573975,5.317913055419922,True,,False
selective,/content/data/processed_pilot/base/images/train/2380daa4946a0e1f7485778d94dbb2e2.jpg,/content/data/processed_pilot/synthetic_inpaint/images/train/2380daa4946a0e1f7485778d94dbb2e2_selective_c15_0022_s1500064.jpg,15,F117,"cloudy sky background, realistic atmosphere, aviation photography",1500064,True,13.394987106323242,0.7935073648835432,0.3299952447414398,5.558443069458008,True,,False
selective,/content/data/processed_pilot/base/images/train/23e24951b6fe5f7b0ee33c10ce88a36a.jpg,/content/data/processed_pilot/synthetic_inpaint/images/train/23e24951b6fe5f7b0ee33c10ce88a36a_selective_c15_0023_s1500065.jpg,15,F117,"clear blue sky, sunlight, realistic aircraft photography",1500065,True,22.14797592163086,0.5235009626896153,0.1443752944469452,5.257623195648193,True,,False
selective,/content/data/processed_pilot/base/images/train/000ec980b5b17156a55093b4bd6004ab.jpg,/content/data/processed_pilot/synthetic_inpaint/images/train/000ec980b5b17156a55093b4bd6004ab_selective_c7_0000_s700042.jpg,7,Be200,"realistic sky background, natural lighting, aviation photography, high resolution, realistic clouds",700042,True,16.25673484802246,0.824444284795929,0.43924134969711304,8.80424976348877,True,,False
selective,/content/data/processed_pilot/base/images/train/005e486c03142ce64736bba86b347b96.jpg,/content/data/processed_pilot/synthetic_inpaint/images/train/005e486c03142ce64736bba86b347b96_selective_c7_0001_s700043.jpg,7,Be200,"realistic runway background, military airbase, natural lighting, aviation photography",700043,True,27.988746643066406,0.5326885007528397,0.5719552040100098,15.551384925842285,True,,False
selective,/content/data/processed_pilot/base/images/train/02c055a99b4b1054aa46eb299945e6ac.jpg,/content/data/processed_pilot/synthetic_inpaint/images/train/02c055a99b4b1054aa46eb299945e6ac_selective_c7_0002_s700044.jpg,7,Be200,"cloudy sky background, realistic atmosphere, aviation photography",700044,True,10.345319747924805,0.8440140785102812,0.14444676041603088,3.9093825817108154,True,,False
selective,/content/data/processed_pilot/base/images/train/03d5a31cb343f84b6745566c5671075c.jpg,/content/data/processed_pilot/synthetic_inpaint/images/train/03d5a31cb343f84b6745566c5671075c_selective_c7_0003_s700045.jpg,7,Be200,"clear blue sky, sunlight, realistic aircraft photography",700045,True,15.772296905517578,0.8275775687173743,0.19829793274402618,2.6105260848999023,True,,False
selective,/content/data/processed_pilot/base/images/train/0431ca5a6a5479e5d2eb6a8c3e42ec6c.jpg,/content/data/processed_pilot/synthetic_inpaint/images/train/0431ca5a6a5479e5d2eb6a8c3e42ec6c_selective_c7_0004_s700046.jpg,7,Be200,"realistic sky background, natural lighting, aviation photography, high resolution, realistic clouds",700046,True,29.448261260986328,0.3615610098703125,0.647315263748169,12.21392822265625,True,,False
selective,/content/data/processed_pilot/base/images/train/0497bafdc79a76f855aa0687526c0265.jpg,/content/data/processed_pilot/synthetic_inpaint/images/train/0497bafdc79a76f855aa0687526c0265_selective_c7_0005_s700047.jpg,7,Be200,"realistic runway background, military airbase, natural lighting, aviation photography",700047,True,12.308774948120117,0.5456057470928771,0.17556898295879364,11.09228515625,True,,False
selective,/content/data/processed_pilot/base/images/train/058c36a1f3c52872ae56cbf9efba3cd7.jpg,/content/data/processed_pilot/synthetic_inpaint/images/train/058c36a1f3c52872ae56cbf9efba3cd7_selective_c7_0006_s700048.jpg,7,Be200,"cloudy sky background, realistic atmosphere, aviation photography",700048,True,22.28383445739746,0.6846027042878811,0.5445365905761719,15.221141815185547,True,,False
selective,/content/data/processed_pilot/base/images/train/07c22423a1fc3996fa5aef5af0afe152.jpg,/content/data/processed_pilot/synthetic_inpaint/rejected/07c22423a1fc3996fa5aef5af0afe152_selective_c7_0007_s700049.jpg,7,Be200,"clear blue sky, sunlight, realistic aircraft photography",700049,False,4.625372886657715,0.9856873181356323,0.015848949551582336,8.205244064331055,False,background_unchanged,False
selective,/content/data/processed_pilot/base/images/train/08393207d7a27fa1f1a8ea16025a2e8c.jpg,/content/data/processed_pilot/synthetic_inpaint/images/train/08393207d7a27fa1f1a8ea16025a2e8c_selective_c7_0008_s700050.jpg,7,Be200,"realistic sky background, natural lighting, aviation photography, high resolution, realistic clouds",700050,True,10.331732749938965,0.9011653034532789,0.13155099749565125,6.618429183959961,True,,False
selective,/content/data/processed_pilot/base/images/train/089a55b1e605caa0c46b956a3e63e1c5.jpg,/content/data/processed_pilot/synthetic_inpaint/images/train/089a55b1e605caa0c46b956a3e63e1c5_selective_c7_0009_s700051.jpg,7,Be200,"realistic runway background, military airbase, natural lighting, aviation photography",700051,True,31.215625762939453,0.2950532808339087,0.10581162571907043,11.733962059020996,True,,False
selective,/content/data/processed_pilot/base/images/train/0978551bc6903340433012137d7d259a.jpg,/content/data/processed_pilot/synthetic_inpaint/images/train/0978551bc6903340433012137d7d259a_selective_c7_0010_s700052.jpg,7,Be200,"cloudy sky background, realistic atmosphere, aviation photography",700052,True,12.05268383026123,0.9331908988498068,0.26311853528022766,21.844757080078125,True,,False
selective,/content/data/processed_pilot/base/images/train/09991ea153fbfe09244966d8619f6b70.jpg,/content/data/processed_pilot/synthetic_inpaint/rejected/09991ea153fbfe09244966d8619f6b70_selective_c7_0011_s700053.jpg,7,Be200,"clear blue sky, sunlight, realistic aircraft photography",700053,False,7.876280307769775,0.9462004511965952,0.23112301528453827,6.110921859741211,False,background_unchanged,False
selective,/content/data/processed_pilot/base/images/train/09ad162eee432447855e16597924bacc.jpg,/content/data/processed_pilot/synthetic_inpaint/images/train/09ad162eee432447855e16597924bacc_selective_c7_0012_s700054.jpg,7,Be200,"realistic sky background, natural lighting, aviation photography, high resolution, realistic clouds",700054,True,18.765554428100586,0.660492952781687,0.4466630518436432,32.8353271484375,True,,False
selective,/content/data/processed_pilot/base/images/train/0ac42f60fe5f4fe584480b1b0afb2022.jpg,/content/data/processed_pilot/synthetic_inpaint/images/train/0ac42f60fe5f4fe584480b1b0afb2022_selective_c7_0013_s700055.jpg,7,Be200,"realistic runway background, military airbase, natural lighting, aviation photography",700055,True,15.41611385345459,0.8366791241005943,0.4461040496826172,11.869279861450195,True,,False
selective,/content/data/processed_pilot/base/images/train/0add4b38f54f0cb7595483a8670a8fd7.jpg,/content/data/processed_pilot/synthetic_inpaint/images/train/0add4b38f54f0cb7595483a8670a8fd7_selective_c7_0014_s700056.jpg,7,Be200,"cloudy sky background, realistic atmosphere, aviation photography",700056,True,11.201605796813965,0.817047232777933,0.03953781723976135,7.227332592010498,True,,False
selective,/content/data/processed_pilot/base/images/train/0bd81c2333942ce37004f8b0c992aa10.jpg,/content/data/processed_pilot/synthetic_inpaint/rejected/0bd81c2333942ce37004f8b0c992aa10_selective_c7_0015_s700057.jpg,7,Be200,"clear blue sky, sunlight, realistic aircraft photography",700057,False,9.61913776397705,0.846968408102772,0.27430635690689087,3.957496404647827,False,background_unchanged,False
selective,/content/data/processed_pilot/base/images/train/0e2bf9652a6bb839f66d4d0d55a54560.jpg,/content/data/processed_pilot/synthetic_inpaint/images/train/0e2bf9652a6bb839f66d4d0d55a54560_selective_c7_0016_s700058.jpg,7,Be200,"realistic sky background, natural lighting, aviation photography, high resolution, realistic clouds",700058,True,16.895952224731445,0.765473713840076,0.08661147952079773,5.217813491821289,True,,False
selective,/content/data/processed_pilot/base/images/train/0ee83af7501881d8ceec16164d1bfd45.jpg,/content/data/processed_pilot/synthetic_inpaint/images/train/0ee83af7501881d8ceec16164d1bfd45_selective_c7_0017_s700059.jpg,7,Be200,"realistic runway background, military airbase, natural lighting, aviation photography",700059,True,19.22763442993164,0.5175061845768748,0.04891994222998619,6.6716461181640625,True,,False
selective,/content/data/processed_pilot/base/images/train/0ffc781c553619a8a5c49f596b4cc1ee.jpg,/content/data/processed_pilot/synthetic_inpaint/images/train/0ffc781c553619a8a5c49f596b4cc1ee_selective_c7_0018_s700060.jpg,7,Be200,"cloudy sky background, realistic atmosphere, aviation photography",700060,True,17.441495895385742,0.7603178002232953,0.348116010427475,12.90084171295166,True,,False
selective,/content/data/processed_pilot/base/images/train/13205f31e0fb785afac4f208dddf9a51.jpg,/content/data/processed_pilot/synthetic_inpaint/images/train/13205f31e0fb785afac4f208dddf9a51_selective_c7_0019_s700061.jpg,7,Be200,"clear blue sky, sunlight, realistic aircraft photography",700061,True,16.082717895507812,0.6314602072880071,0.09039107710123062,10.079687118530273,True,,False
selective,/content/data/processed_pilot/base/images/train/014313402292d8dbc688f9f1c50fa0ad.jpg,/content/data/processed_pilot/synthetic_inpaint/rejected/014313402292d8dbc688f9f1c50fa0ad_selective_c2_0000_s200042.jpg,2,AG600,"realistic sky background, natural lighting, aviation photography, high resolution, realistic clouds",200042,False,4.796902179718018,0.986535341154375,0.034675080329179764,5.234952449798584,False,background_unchanged,False
selective,/content/data/processed_pilot/base/images/train/02603f28fc8e14b08dfff751d0257860.jpg,/content/data/processed_pilot/synthetic_inpaint/rejected/02603f28fc8e14b08dfff751d0257860_selective_c2_0001_s200043.jpg,2,AG600,"realistic runway background, military airbase, natural lighting, aviation photography",200043,False,7.183187484741211,0.8545365964610222,0.06007752567529678,7.0999040603637695,False,background_unchanged,False
selective,/content/data/processed_pilot/base/images/train/069ca92d094c40a06ae406970e23e115.jpg,/content/data/processed_pilot/synthetic_inpaint/images/train/069ca92d094c40a06ae406970e23e115_selective_c2_0002_s200044.jpg,2,AG600,"cloudy sky background, realistic atmosphere, aviation photography",200044,True,17.900714874267578,0.6009514757399806,0.5303819179534912,20.17701530456543,True,,False
selective,/content/data/processed_pilot/base/images/train/0a13a49b1de78259ec8b646e9cb748d8.jpg,/content/data/processed_pilot/synthetic_inpaint/images/train/0a13a49b1de78259ec8b646e9cb748d8_selective_c2_0003_s200045.jpg,2,AG600,"clear blue sky, sunlight, realistic aircraft photography",200045,True,15.273232460021973,0.7993302586456663,0.028138477355241776,9.46459674835205,True,,False
selective,/content/data/processed_pilot/base/images/train/0a43582113c2f8f9a9f45fac4dc9c9e9.jpg,/content/data/processed_pilot/synthetic_inpaint/images/train/0a43582113c2f8f9a9f45fac4dc9c9e9_selective_c2_0004_s200046.jpg,2,AG600,"realistic sky background, natural lighting, aviation photography, high resolution, realistic clouds",200046,True,13.264243125915527,0.49553355496612117,0.11965134739875793,11.151639938354492,True,,False
selective,/content/data/processed_pilot/base/images/train/0b484ab1e555f80c1f46c8b2350351e3.jpg,/content/data/processed_pilot/synthetic_inpaint/rejected/0b484ab1e555f80c1f46c8b2350351e3_selective_c2_0005_s200047.jpg,2,AG600,"realistic runway background, military airbase, natural lighting, aviation photography",200047,False,5.569477081298828,0.9647968865273117,0.04221097379922867,5.397914886474609,False,background_unchanged,False
selective,/content/data/processed_pilot/base/images/train/0c84eefb0eded91310a0b2e4f4bac511.jpg,/content/data/processed_pilot/synthetic_inpaint/images/train/0c84eefb0eded91310a0b2e4f4bac511_selective_c2_0006_s200048.jpg,2,AG600,"cloudy sky background, realistic atmosphere, aviation photography",200048,True,22.669614791870117,0.3713517875562335,0.00988911185413599,18.37558937072754,True,,False
selective,/content/data/processed_pilot/base/images/train/0cb13849bf51b225d1a4340a037f80b5.jpg,/content/data/processed_pilot/synthetic_inpaint/images/train/0cb13849bf51b225d1a4340a037f80b5_selective_c2_0007_s200049.jpg,2,AG600,"clear blue sky, sunlight, realistic aircraft photography",200049,True,11.66096019744873,0.823425900444966,0.18013499677181244,23.304676055908203,True,,False
selective,/content/data/processed_pilot/base/images/train/0e39fea4972bc2b5eb93c9b21ff1d272.jpg,/content/data/processed_pilot/synthetic_inpaint/images/train/0e39fea4972bc2b5eb93c9b21ff1d272_selective_c2_0008_s200050.jpg,2,AG600,"realistic sky background, natural lighting, aviation photography, high resolution, realistic clouds",200050,True,22.22163963317871,0.4928969726051216,0.18109747767448425,8.40540599822998,True,,False
selective,/content/data/processed_pilot/base/images/train/00ea3b9658576d41ec570bd558e81fe4.jpg,/content/data/processed_pilot/synthetic_inpaint/images/train/00ea3b9658576d41ec570bd558e81fe4_selective_c13_0000_s1300042.jpg,13,E7,"realistic sky background, natural lighting, aviation photography, high resolution, realistic clouds",1300042,True,11.804483413696289,0.7085565206266972,0.13341228663921356,5.014804840087891,True,,False
selective,/content/data/processed_pilot/base/images/train/06dfca9d58c81975c587ae5240449e4e.jpg,/content/data/processed_pilot/synthetic_inpaint/images/train/06dfca9d58c81975c587ae5240449e4e_selective_c13_0001_s1300043.jpg,13,E7,"realistic runway background, military airbase, natural lighting, aviation photography",1300043,True,28.280048370361328,0.6575992760998064,0.3074149489402771,4.913264751434326,True,,False
selective,/content/data/processed_pilot/base/images/train/06e1a045924708851620c1366b0e813a.jpg,/content/data/processed_pilot/synthetic_inpaint/images/train/06e1a045924708851620c1366b0e813a_selective_c13_0002_s1300044.jpg,13,E7,"cloudy sky background, realistic atmosphere, aviation photography",1300044,True,49.66002655029297,0.39983879173968156,0.5993632674217224,13.227895736694336,True,,False
selective,/content/data/processed_pilot/base/images/train/0e0e72c6072ca0eaeb8ea6e95af0c63c.jpg,/content/data/processed_pilot/synthetic_inpaint/rejected/0e0e72c6072ca0eaeb8ea6e95af0c63c_selective_c13_0003_s1300045.jpg,13,E7,"clear blue sky, sunlight, realistic aircraft photography",1300045,False,3.744452476501465,0.981954014899884,0.02796234004199505,6.872162342071533,False,background_unchanged,False
selective,/content/data/processed_pilot/base/images/train/0f7ebf920a66f19a58b55f62a1c3f988.jpg,/content/data/processed_pilot/synthetic_inpaint/images/train/0f7ebf920a66f19a58b55f62a1c3f988_selective_c13_0004_s1300046.jpg,13,E7,"realistic sky background, natural lighting, aviation photography, high resolution, realistic clouds",1300046,True,24.227890014648438,0.45801193686408687,0.4305235743522644,10.600192070007324,True,,False
selective,/content/data/processed_pilot/base/images/train/0fa0b4fe40111ce7e6a2be5778948070.jpg,/content/data/processed_pilot/synthetic_inpaint/images/train/0fa0b4fe40111ce7e6a2be5778948070_selective_c13_0005_s1300047.jpg,13,E7,"realistic runway background, military airbase, natural lighting, aviation photography",1300047,True,16.545581817626953,0.8112242470290401,0.11405965685844421,8.793309211730957,True,,False
selective,/content/data/processed_pilot/base/images/train/10946ac1f135dd1271d2080dc75410fa.jpg,/content/data/processed_pilot/synthetic_inpaint/images/train/10946ac1f135dd1271d2080dc75410fa_selective_c13_0006_s1300048.jpg,13,E7,"cloudy sky background, realistic atmosphere, aviation photography",1300048,True,10.407748222351074,0.8722648993357506,0.06386513262987137,3.743424892425537,True,,False
selective,/content/data/processed_pilot/base/images/train/112a93ecfe72d7c847f63cfda01c979e.jpg,/content/data/processed_pilot/synthetic_inpaint/rejected/112a93ecfe72d7c847f63cfda01c979e_selective_c13_0007_s1300049.jpg,13,E7,"clear blue sky, sunlight, realistic aircraft photography",1300049,False,9.04730224609375,0.8608026874021797,0.3427221477031708,11.21153450012207,False,background_unchanged,False
selective,/content/data/processed_pilot/base/images/train/113af19a4cccf4c12d8b7aa5d5df806d.jpg,/content/data/processed_pilot/synthetic_inpaint/rejected/113af19a4cccf4c12d8b7aa5d5df806d_selective_c13_0008_s1300050.jpg,13,E7,"realistic sky background, natural lighting, aviation photography, high resolution, realistic clouds",1300050,False,7.428657531738281,0.9159113536057086,0.07139042764902115,7.002017498016357,False,background_unchanged,False
selective,/content/data/processed_pilot/base/images/train/1147ff5a41547c17ec39fe244595ead1.jpg,/content/data/processed_pilot/synthetic_inpaint/images/train/1147ff5a41547c17ec39fe244595ead1_selective_c13_0009_s1300051.jpg,13,E7,"realistic runway background, military airbase, natural lighting, aviation photography",1300051,True,39.290855407714844,0.46001770661792557,0.5965743660926819,27.371994018554688,True,,False
selective,/content/data/processed_pilot/base/images/train/1460beb77315c837123045d2241d2176.jpg,/content/data/processed_pilot/synthetic_inpaint/images/train/1460beb77315c837123045d2241d2176_selective_c13_0010_s1300052.jpg,13,E7,"cloudy sky background, realistic atmosphere, aviation photography",1300052,True,36.59071731567383,0.5295034744211937,0.36120617389678955,9.564584732055664,True,,False
selective,/content/data/processed_pilot/base/images/train/166311e46b7871b753f56f30b8afc20d.jpg,/content/data/processed_pilot/synthetic_inpaint/images/train/166311e46b7871b753f56f30b8afc20d_selective_c13_0011_s1300053.jpg,13,E7,"clear blue sky, sunlight, realistic aircraft photography",1300053,True,11.806105613708496,0.8789111286416936,0.0670749843120575,12.373010635375977,True,,False
selective,/content/data/processed_pilot/base/images/train/1b4e14d0629f8b45de82671dc7a867a8.jpg,/content/data/processed_pilot/synthetic_inpaint/images/train/1b4e14d0629f8b45de82671dc7a867a8_selective_c13_0012_s1300054.jpg,13,E7,"realistic sky background, natural lighting, aviation photography, high resolution, realistic clouds",1300054,True,12.372139930725098,0.5452160845578232,0.007378879934549332,8.228851318359375,True,,False
selective,/content/data/processed_pilot/base/images/train/21623a68bfff203b8b99aaf420e99af5.jpg,/content/data/processed_pilot/synthetic_inpaint/images/train/21623a68bfff203b8b99aaf420e99af5_selective_c13_0013_s1300055.jpg,13,E7,"realistic runway background, military airbase, natural lighting, aviation photography",1300055,True,11.074559211730957,0.8501182369957199,0.05652691796422005,5.739891529083252,True,,False
selective,/content/data/processed_pilot/base/images/train/243b331f851e2115fd94731227145f72.jpg,/content/data/processed_pilot/synthetic_inpaint/images/train/243b331f851e2115fd94731227145f72_selective_c13_0014_s1300056.jpg,13,E7,"cloudy sky background, realistic atmosphere, aviation photography",1300056,True,11.271817207336426,0.8969999855119848,0.15591241419315338,7.4316086769104,True,,False
selective,/content/data/processed_pilot/base/images/train/2b743eb725c1143c884bdd947b3b3677.jpg,/content/data/processed_pilot/synthetic_inpaint/images/train/2b743eb725c1143c884bdd947b3b3677_selective_c13_0015_s1300057.jpg,13,E7,"clear blue sky, sunlight, realistic aircraft photography",1300057,True,10.969433784484863,0.8543698120995048,0.03009127452969551,5.6372389793396,True,,False
selective,/content/data/processed_pilot/base/images/train/00ea3b9658576d41ec570bd558e81fe4.jpg,/content/data/processed_pilot/synthetic_inpaint/images/train/00ea3b9658576d41ec570bd558e81fe4_selective_c13_0016_s1300058.jpg,13,E7,"realistic sky background, natural lighting, aviation photography, high resolution, realistic clouds",1300058,True,16.69342613220215,0.6989507015307884,0.1472335159778595,5.50045108795166,True,,False
selective,/content/data/processed_pilot/base/images/train/06dfca9d58c81975c587ae5240449e4e.jpg,/content/data/processed_pilot/synthetic_inpaint/images/train/06dfca9d58c81975c587ae5240449e4e_selective_c13_0017_s1300059.jpg,13,E7,"realistic runway background, military airbase, natural lighting, aviation photography",1300059,True,26.37619400024414,0.6733323830056543,0.281663715839386,5.302231788635254,True,,False
selective,/content/data/processed_pilot/base/images/train/06e1a045924708851620c1366b0e813a.jpg,/content/data/processed_pilot/synthetic_inpaint/images/train/06e1a045924708851620c1366b0e813a_selective_c13_0018_s1300060.jpg,13,E7,"cloudy sky background, realistic atmosphere, aviation photography",1300060,True,48.23408508300781,0.37451429779275935,0.5496088266372681,12.798009872436523,True,,False
selective,/content/data/processed_pilot/base/images/train/0e0e72c6072ca0eaeb8ea6e95af0c63c.jpg,/content/data/processed_pilot/synthetic_inpaint/rejected/0e0e72c6072ca0eaeb8ea6e95af0c63c_selective_c13_0019_s1300061.jpg,13,E7,"clear blue sky, sunlight, realistic aircraft photography",1300061,False,5.0444722175598145,0.9814807809623104,0.030400265008211136,7.619194030761719,False,background_unchanged,False
selective,/content/data/processed_pilot/base/images/train/0f7ebf920a66f19a58b55f62a1c3f988.jpg,/content/data/processed_pilot/synthetic_inpaint/images/train/0f7ebf920a66f19a58b55f62a1c3f988_selective_c13_0020_s1300062.jpg,13,E7,"realistic sky background, natural lighting, aviation photography, high resolution, realistic clouds",1300062,True,30.067127227783203,0.38527832293986514,0.44056782126426697,10.71717357635498,True,,False
selective,/content/data/processed_pilot/base/images/train/0fa0b4fe40111ce7e6a2be5778948070.jpg,/content/data/processed_pilot/synthetic_inpaint/images/train/0fa0b4fe40111ce7e6a2be5778948070_selective_c13_0021_s1300063.jpg,13,E7,"realistic runway background, military airbase, natural lighting, aviation photography",1300063,True,13.75002384185791,0.8105315716953048,0.11751438677310944,9.067866325378418,True,,False
selective,/content/data/processed_pilot/base/images/train/10946ac1f135dd1271d2080dc75410fa.jpg,/content/data/processed_pilot/synthetic_inpaint/rejected/10946ac1f135dd1271d2080dc75410fa_selective_c13_0022_s1300064.jpg,13,E7,"cloudy sky background, realistic atmosphere, aviation photography",1300064,False,7.353949546813965,0.8851794958914763,0.04274209588766098,3.9307174682617188,False,background_unchanged,False
selective,/content/data/processed_pilot/base/images/train/112a93ecfe72d7c847f63cfda01c979e.jpg,/content/data/processed_pilot/synthetic_inpaint/rejected/112a93ecfe72d7c847f63cfda01c979e_selective_c13_0023_s1300065.jpg,13,E7,"clear blue sky, sunlight, realistic aircraft photography",1300065,False,7.643242835998535,0.8979046740233357,0.1725250631570816,12.4019775390625,False,background_unchanged,False
selective,/content/data/processed_pilot/base/images/train/113af19a4cccf4c12d8b7aa5d5df806d.jpg,/content/data/processed_pilot/synthetic_inpaint/rejected/113af19a4cccf4c12d8b7aa5d5df806d_selective_c13_0024_s1300066.jpg,13,E7,"realistic sky background, natural lighting, aviation photography, high resolution, realistic clouds",1300066,False,7.647760391235352,0.9107130943852307,0.08294752240180969,7.226709842681885,False,background_unchanged,False
selective,/content/data/processed_pilot/base/images/train/1147ff5a41547c17ec39fe244595ead1.jpg,/content/data/processed_pilot/synthetic_inpaint/images/train/1147ff5a41547c17ec39fe244595ead1_selective_c13_0025_s1300067.jpg,13,E7,"realistic runway background, military airbase, natural lighting, aviation photography",1300067,True,36.11552429199219,0.48272765189816447,0.5683943629264832,30.026216506958008,True,,False
selective,/content/data/processed_pilot/base/images/train/1460beb77315c837123045d2241d2176.jpg,/content/data/processed_pilot/synthetic_inpaint/images/train/1460beb77315c837123045d2241d2176_selective_c13_0026_s1300068.jpg,13,E7,"cloudy sky background, realistic atmosphere, aviation photography",1300068,True,35.82453155517578,0.5512171903260122,0.3725144565105438,9.794501304626465,True,,False
selective,/content/data/processed_pilot/base/images/train/166311e46b7871b753f56f30b8afc20d.jpg,/content/data/processed_pilot/synthetic_inpaint/images/train/166311e46b7871b753f56f30b8afc20d_selective_c13_0027_s1300069.jpg,13,E7,"clear blue sky, sunlight, realistic aircraft photography",1300069,True,10.966544151306152,0.8955124879450651,0.045954275876283646,12.250720024108887,True,,False
selective,/content/data/processed_pilot/base/images/train/1b4e14d0629f8b45de82671dc7a867a8.jpg,/content/data/processed_pilot/synthetic_inpaint/images/train/1b4e14d0629f8b45de82671dc7a867a8_selective_c13_0028_s1300070.jpg,13,E7,"realistic sky background, natural lighting, aviation photography, high resolution, realistic clouds",1300070,True,11.870671272277832,0.5579565892468085,0.005687635391950607,8.191661834716797,True,,False
selective,/content/data/processed_pilot/base/images/train/21623a68bfff203b8b99aaf420e99af5.jpg,/content/data/processed_pilot/synthetic_inpaint/images/train/21623a68bfff203b8b99aaf420e99af5_selective_c13_0029_s1300071.jpg,13,E7,"realistic runway background, military airbase, natural lighting, aviation photography",1300071,True,10.240790367126465,0.8551517733110507,0.05313987284898758,5.714709281921387,True,,False
selective,/content/data/processed_pilot/base/images/train/243b331f851e2115fd94731227145f72.jpg,/content/data/processed_pilot/synthetic_inpaint/images/train/243b331f851e2115fd94731227145f72_selective_c13_0030_s1300072.jpg,13,E7,"cloudy sky background, realistic atmosphere, aviation photography",1300072,True,11.473670959472656,0.881799103405454,0.18126428127288818,7.161832332611084,True,,False
selective,/content/data/processed_pilot/base/images/train/2b743eb725c1143c884bdd947b3b3677.jpg,/content/data/processed_pilot/synthetic_inpaint/rejected/2b743eb725c1143c884bdd947b3b3677_selective_c13_0031_s1300073.jpg,13,E7,"clear blue sky, sunlight, realistic aircraft photography",1300073,False,8.201086044311523,0.9015693016420928,0.024161797016859055,5.4476542472839355,False,background_unchanged,False
selective,/content/data/processed_pilot/base/images/train/00ea3b9658576d41ec570bd558e81fe4.jpg,/content/data/processed_pilot/synthetic_inpaint/images/train/00ea3b9658576d41ec570bd558e81fe4_selective_c13_0032_s1300074.jpg,13,E7,"realistic sky background, natural lighting, aviation photography, high resolution, realistic clouds",1300074,True,15.585262298583984,0.7050425175805306,0.19192910194396973,5.4020538330078125,True,,False
selective,/content/data/processed_pilot/base/images/train/06dfca9d58c81975c587ae5240449e4e.jpg,/content/data/processed_pilot/synthetic_inpaint/images/train/06dfca9d58c81975c587ae5240449e4e_selective_c13_0033_s1300075.jpg,13,E7,"realistic runway background, military airbase, natural lighting, aviation photography",1300075,True,33.051170349121094,0.6388512298846661,0.3157391846179962,5.00109338760376,True,,False
selective,/content/data/processed_pilot/base/images/train/06e1a045924708851620c1366b0e813a.jpg,/content/data/processed_pilot/synthetic_inpaint/images/train/06e1a045924708851620c1366b0e813a_selective_c13_0034_s1300076.jpg,13,E7,"cloudy sky background, realistic atmosphere, aviation photography",1300076,True,47.22079849243164,0.39564263393889315,0.5847455859184265,14.182404518127441,True,,False
selective,/content/data/processed_pilot/base/images/train/0e0e72c6072ca0eaeb8ea6e95af0c63c.jpg,/content/data/processed_pilot/synthetic_inpaint/rejected/0e0e72c6072ca0eaeb8ea6e95af0c63c_selective_c13_0035_s1300077.jpg,13,E7,"clear blue sky, sunlight, realistic aircraft photography",1300077,False,6.8471245765686035,0.9791068837869183,0.04518851265311241,7.383490562438965,False,background_unchanged,False
selective,/content/data/processed_pilot/base/images/train/0f7ebf920a66f19a58b55f62a1c3f988.jpg,/content/data/processed_pilot/synthetic_inpaint/images/train/0f7ebf920a66f19a58b55f62a1c3f988_selective_c13_0036_s1300078.jpg,13,E7,"realistic sky background, natural lighting, aviation photography, high resolution, realistic clouds",1300078,True,23.910747528076172,0.48161845433112993,0.4815341532230377,10.836599349975586,True,,False
selective,/content/data/processed_pilot/base/images/train/0fa0b4fe40111ce7e6a2be5778948070.jpg,/content/data/processed_pilot/synthetic_inpaint/images/train/0fa0b4fe40111ce7e6a2be5778948070_selective_c13_0037_s1300079.jpg,13,E7,"realistic runway background, military airbase, natural lighting, aviation photography",1300079,True,15.145519256591797,0.8116339345936777,0.12101850658655167,9.147245407104492,True,,False
selective,/content/data/processed_pilot/base/images/train/10946ac1f135dd1271d2080dc75410fa.jpg,/content/data/processed_pilot/synthetic_inpaint/rejected/10946ac1f135dd1271d2080dc75410fa_selective_c13_0038_s1300080.jpg,13,E7,"cloudy sky background, realistic atmosphere, aviation photography",1300080,False,5.89565372467041,0.8774663684015933,0.06183020770549774,3.872030735015869,False,background_unchanged,False
selective,/content/data/processed_pilot/base/images/train/112a93ecfe72d7c847f63cfda01c979e.jpg,/content/data/processed_pilot/synthetic_inpaint/images/train/112a93ecfe72d7c847f63cfda01c979e_selective_c13_0039_s1300081.jpg,13,E7,"clear blue sky, sunlight, realistic aircraft photography",1300081,True,10.903630256652832,0.8831330603384898,0.21781393885612488,10.285122871398926,True,,False
