experiment,seed,class_id,class_name,ap50,ap50_95,run_dir,model_name,eval_split
real_only,42,0,A10,0.4311827143324017,0.3785374166115335,/content/drive/MyDrive/Military_OD/outputs_full/runs/real_only_yolov8n_seed42_20260702_2112,yolov8n.pt,val
real_only,42,1,A400M,0.3029040979973545,0.2679516844981967,/content/drive/MyDrive/Military_OD/outputs_full/runs/real_only_yolov8n_seed42_20260702_2112,yolov8n.pt,val
real_only,42,2,AG600,0.5486364352484733,0.497121627219743,/content/drive/MyDrive/Military_OD/outputs_full/runs/real_only_yolov8n_seed42_20260702_2112,yolov8n.pt,val
real_only,42,3,AV8B,0.4765212562287189,0.396328531932648,/content/drive/MyDrive/Military_OD/outputs_full/runs/real_only_yolov8n_seed42_20260702_2112,yolov8n.pt,val
real_only,42,4,B1,0.2018795341121294,0.1674651835292298,/content/drive/MyDrive/Military_OD/outputs_full/runs/real_only_yolov8n_seed42_20260702_2112,yolov8n.pt,val
real_only,42,5,B2,0.4447295357521547,0.3620511299395468,/content/drive/MyDrive/Military_OD/outputs_full/runs/real_only_yolov8n_seed42_20260702_2112,yolov8n.pt,val
real_only,42,6,B52,0.3754638972403437,0.3130228192797838,/content/drive/MyDrive/Military_OD/outputs_full/runs/real_only_yolov8n_seed42_20260702_2112,yolov8n.pt,val
real_only,42,7,Be200,0.6257385781873062,0.54926021888604,/content/drive/MyDrive/Military_OD/outputs_full/runs/real_only_yolov8n_seed42_20260702_2112,yolov8n.pt,val
real_only,42,8,C130,0.3108693801582487,0.244125417469918,/content/drive/MyDrive/Military_OD/outputs_full/runs/real_only_yolov8n_seed42_20260702_2112,yolov8n.pt,val
real_only,42,9,C17,0.2009446181350359,0.1750163291788103,/content/drive/MyDrive/Military_OD/outputs_full/runs/real_only_yolov8n_seed42_20260702_2112,yolov8n.pt,val
real_only,42,10,C2,0.7279970521968698,0.6476668090109817,/content/drive/MyDrive/Military_OD/outputs_full/runs/real_only_yolov8n_seed42_20260702_2112,yolov8n.pt,val
real_only,42,11,C5,0.3540189710631887,0.3465566277850443,/content/drive/MyDrive/Military_OD/outputs_full/runs/real_only_yolov8n_seed42_20260702_2112,yolov8n.pt,val
real_only,42,12,E2,0.3189140630111622,0.234043038531277,/content/drive/MyDrive/Military_OD/outputs_full/runs/real_only_yolov8n_seed42_20260702_2112,yolov8n.pt,val
real_only,42,13,E7,0.4556593406593408,0.403852967032967,/content/drive/MyDrive/Military_OD/outputs_full/runs/real_only_yolov8n_seed42_20260702_2112,yolov8n.pt,val
real_only,42,14,EF2000,0.0787413238725437,0.0660107143684739,/content/drive/MyDrive/Military_OD/outputs_full/runs/real_only_yolov8n_seed42_20260702_2112,yolov8n.pt,val
real_only,42,15,F117,0.3021146505821762,0.2289932569135821,/content/drive/MyDrive/Military_OD/outputs_full/runs/real_only_yolov8n_seed42_20260702_2112,yolov8n.pt,val
real_only,42,16,F14,0.2176729929950945,0.2095314696067698,/content/drive/MyDrive/Military_OD/outputs_full/runs/real_only_yolov8n_seed42_20260702_2112,yolov8n.pt,val
real_only,42,17,F15,0.1633712288951363,0.1347288549081117,/content/drive/MyDrive/Military_OD/outputs_full/runs/real_only_yolov8n_seed42_20260702_2112,yolov8n.pt,val
real_only,42,18,F16,0.1319337521720586,0.1042215758944368,/content/drive/MyDrive/Military_OD/outputs_full/runs/real_only_yolov8n_seed42_20260702_2112,yolov8n.pt,val
real_only,42,19,F18,0.2575459841442663,0.2066570206056535,/content/drive/MyDrive/Military_OD/outputs_full/runs/real_only_yolov8n_seed42_20260702_2112,yolov8n.pt,val
real_only,42,20,F22,0.2770667531386126,0.239516290819564,/content/drive/MyDrive/Military_OD/outputs_full/runs/real_only_yolov8n_seed42_20260702_2112,yolov8n.pt,val
real_only,42,21,F35,0.2355803405363558,0.1935919042437212,/content/drive/MyDrive/Military_OD/outputs_full/runs/real_only_yolov8n_seed42_20260702_2112,yolov8n.pt,val
real_only,42,22,F4,0.2248339868854304,0.1708385759897762,/content/drive/MyDrive/Military_OD/outputs_full/runs/real_only_yolov8n_seed42_20260702_2112,yolov8n.pt,val
real_only,42,23,J20,0.4030414959264493,0.3449736501957339,/content/drive/MyDrive/Military_OD/outputs_full/runs/real_only_yolov8n_seed42_20260702_2112,yolov8n.pt,val
real_only,42,24,JAS39,0.1077434581784581,0.0895319808562032,/content/drive/MyDrive/Military_OD/outputs_full/runs/real_only_yolov8n_seed42_20260702_2112,yolov8n.pt,val
real_only,42,25,MQ9,0.2704216416684363,0.2501616919634407,/content/drive/MyDrive/Military_OD/outputs_full/runs/real_only_yolov8n_seed42_20260702_2112,yolov8n.pt,val
real_only,42,26,Mig31,0.185068400159094,0.1666806786061435,/content/drive/MyDrive/Military_OD/outputs_full/runs/real_only_yolov8n_seed42_20260702_2112,yolov8n.pt,val
real_only,42,27,Mirage2000,0.2832699650225251,0.1852089884706265,/content/drive/MyDrive/Military_OD/outputs_full/runs/real_only_yolov8n_seed42_20260702_2112,yolov8n.pt,val
real_only,42,28,P3,0.5457117110513294,0.4826621555863492,/content/drive/MyDrive/Military_OD/outputs_full/runs/real_only_yolov8n_seed42_20260702_2112,yolov8n.pt,val
real_only,42,29,RQ4,0.3395905169838152,0.2120476252000557,/content/drive/MyDrive/Military_OD/outputs_full/runs/real_only_yolov8n_seed42_20260702_2112,yolov8n.pt,val
real_only,42,30,Rafale,0.1277342038916115,0.1087326063132715,/content/drive/MyDrive/Military_OD/outputs_full/runs/real_only_yolov8n_seed42_20260702_2112,yolov8n.pt,val
real_only,42,31,SR71,0.4836715020034896,0.4335255769067947,/content/drive/MyDrive/Military_OD/outputs_full/runs/real_only_yolov8n_seed42_20260702_2112,yolov8n.pt,val
real_only,42,32,Su34,0.1033483204153998,0.0968583465812716,/content/drive/MyDrive/Military_OD/outputs_full/runs/real_only_yolov8n_seed42_20260702_2112,yolov8n.pt,val
real_only,42,33,Su57,0.2014160350773262,0.1811884752644619,/content/drive/MyDrive/Military_OD/outputs_full/runs/real_only_yolov8n_seed42_20260702_2112,yolov8n.pt,val
real_only,42,34,Tornado,0.2319363041401737,0.2084411687514173,/content/drive/MyDrive/Military_OD/outputs_full/runs/real_only_yolov8n_seed42_20260702_2112,yolov8n.pt,val
real_only,42,35,Tu160,0.54328216374269,0.4859683178534572,/content/drive/MyDrive/Military_OD/outputs_full/runs/real_only_yolov8n_seed42_20260702_2112,yolov8n.pt,val
real_only,42,36,Tu95,0.3253437068036754,0.263931224415275,/content/drive/MyDrive/Military_OD/outputs_full/runs/real_only_yolov8n_seed42_20260702_2112,yolov8n.pt,val
real_only,42,37,U2,0.2939166663803155,0.2551635852118877,/content/drive/MyDrive/Military_OD/outputs_full/runs/real_only_yolov8n_seed42_20260702_2112,yolov8n.pt,val
real_only,42,38,US2,0.647902435115298,0.5666934064438943,/content/drive/MyDrive/Military_OD/outputs_full/runs/real_only_yolov8n_seed42_20260702_2112,yolov8n.pt,val
real_only,42,39,V22,0.4549010109608236,0.3477472788597077,/content/drive/MyDrive/Military_OD/outputs_full/runs/real_only_yolov8n_seed42_20260702_2112,yolov8n.pt,val
real_only,42,40,Vulcan,0.3780290417004568,0.3569798972935084,/content/drive/MyDrive/Military_OD/outputs_full/runs/real_only_yolov8n_seed42_20260702_2112,yolov8n.pt,val
real_only,42,41,XB70,0.6024891640866874,0.4738968906287212,/content/drive/MyDrive/Military_OD/outputs_full/runs/real_only_yolov8n_seed42_20260702_2112,yolov8n.pt,val
real_only,42,42,YF23,0.5361901787711878,0.5039992837965972,/content/drive/MyDrive/Military_OD/outputs_full/runs/real_only_yolov8n_seed42_20260702_2112,yolov8n.pt,val
real_only,42,0,A10,0.382128684703632,0.2880966803957021,/content/drive/MyDrive/Military_OD/outputs_full/runs/real_only_yolov8n_seed42_20260702_2112,yolov8n.pt,test
real_only,42,1,A400M,0.368947007917987,0.3172923760347055,/content/drive/MyDrive/Military_OD/outputs_full/runs/real_only_yolov8n_seed42_20260702_2112,yolov8n.pt,test
real_only,42,2,AG600,0.4384012767541961,0.4256450029651285,/content/drive/MyDrive/Military_OD/outputs_full/runs/real_only_yolov8n_seed42_20260702_2112,yolov8n.pt,test
real_only,42,3,AV8B,0.4507288162755385,0.3742514941106678,/content/drive/MyDrive/Military_OD/outputs_full/runs/real_only_yolov8n_seed42_20260702_2112,yolov8n.pt,test
real_only,42,4,B1,0.2782386399634656,0.2411316390564752,/content/drive/MyDrive/Military_OD/outputs_full/runs/real_only_yolov8n_seed42_20260702_2112,yolov8n.pt,test
real_only,42,5,B2,0.5313652123850809,0.4463162981128782,/content/drive/MyDrive/Military_OD/outputs_full/runs/real_only_yolov8n_seed42_20260702_2112,yolov8n.pt,test
real_only,42,6,B52,0.1883438400920535,0.1499593469054569,/content/drive/MyDrive/Military_OD/outputs_full/runs/real_only_yolov8n_seed42_20260702_2112,yolov8n.pt,test
real_only,42,7,Be200,0.5140500211332866,0.4358828168861294,/content/drive/MyDrive/Military_OD/outputs_full/runs/real_only_yolov8n_seed42_20260702_2112,yolov8n.pt,test
real_only,42,8,C130,0.2769475299596687,0.2374539825848241,/content/drive/MyDrive/Military_OD/outputs_full/runs/real_only_yolov8n_seed42_20260702_2112,yolov8n.pt,test
real_only,42,9,C17,0.3156994897050524,0.2341764347608372,/content/drive/MyDrive/Military_OD/outputs_full/runs/real_only_yolov8n_seed42_20260702_2112,yolov8n.pt,test
real_only,42,10,C2,0.6744913040567972,0.6417370843353188,/content/drive/MyDrive/Military_OD/outputs_full/runs/real_only_yolov8n_seed42_20260702_2112,yolov8n.pt,test
real_only,42,11,C5,0.4314531711271154,0.36361283522795,/content/drive/MyDrive/Military_OD/outputs_full/runs/real_only_yolov8n_seed42_20260702_2112,yolov8n.pt,test
real_only,42,12,E2,0.4324314369087496,0.3178531190198991,/content/drive/MyDrive/Military_OD/outputs_full/runs/real_only_yolov8n_seed42_20260702_2112,yolov8n.pt,test
real_only,42,13,E7,0.3690632183908046,0.3333180076628353,/content/drive/MyDrive/Military_OD/outputs_full/runs/real_only_yolov8n_seed42_20260702_2112,yolov8n.pt,test
real_only,42,14,EF2000,0.1524507501668554,0.1317088905756251,/content/drive/MyDrive/Military_OD/outputs_full/runs/real_only_yolov8n_seed42_20260702_2112,yolov8n.pt,test
real_only,42,15,F117,0.4912228192540375,0.4161762410408113,/content/drive/MyDrive/Military_OD/outputs_full/runs/real_only_yolov8n_seed42_20260702_2112,yolov8n.pt,test
real_only,42,16,F14,0.029081398421587,0.0257643397837958,/content/drive/MyDrive/Military_OD/outputs_full/runs/real_only_yolov8n_seed42_20260702_2112,yolov8n.pt,test
real_only,42,17,F15,0.160620605562348,0.1315544849238752,/content/drive/MyDrive/Military_OD/outputs_full/runs/real_only_yolov8n_seed42_20260702_2112,yolov8n.pt,test
real_only,42,18,F16,0.3557291535404335,0.2738633489106843,/content/drive/MyDrive/Military_OD/outputs_full/runs/real_only_yolov8n_seed42_20260702_2112,yolov8n.pt,test
real_only,42,19,F18,0.2667076571987028,0.217483196276093,/content/drive/MyDrive/Military_OD/outputs_full/runs/real_only_yolov8n_seed42_20260702_2112,yolov8n.pt,test
real_only,42,20,F22,0.1997385499276072,0.1697492819502318,/content/drive/MyDrive/Military_OD/outputs_full/runs/real_only_yolov8n_seed42_20260702_2112,yolov8n.pt,test
real_only,42,21,F35,0.2855930172770106,0.2127828565657774,/content/drive/MyDrive/Military_OD/outputs_full/runs/real_only_yolov8n_seed42_20260702_2112,yolov8n.pt,test
real_only,42,22,F4,0.1879320281131386,0.1523358705690213,/content/drive/MyDrive/Military_OD/outputs_full/runs/real_only_yolov8n_seed42_20260702_2112,yolov8n.pt,test
real_only,42,23,J20,0.3229146284720353,0.3198201599112167,/content/drive/MyDrive/Military_OD/outputs_full/runs/real_only_yolov8n_seed42_20260702_2112,yolov8n.pt,test
real_only,42,24,JAS39,0.189481536738467,0.1443186734022851,/content/drive/MyDrive/Military_OD/outputs_full/runs/real_only_yolov8n_seed42_20260702_2112,yolov8n.pt,test
real_only,42,25,MQ9,0.3795331845863031,0.2827476384755076,/content/drive/MyDrive/Military_OD/outputs_full/runs/real_only_yolov8n_seed42_20260702_2112,yolov8n.pt,test
real_only,42,26,Mig31,0.2201972471519337,0.20632595124453,/content/drive/MyDrive/Military_OD/outputs_full/runs/real_only_yolov8n_seed42_20260702_2112,yolov8n.pt,test
real_only,42,27,Mirage2000,0.1305947818754365,0.1212910666384794,/content/drive/MyDrive/Military_OD/outputs_full/runs/real_only_yolov8n_seed42_20260702_2112,yolov8n.pt,test
real_only,42,28,P3,0.2232950622551491,0.210432984392326,/content/drive/MyDrive/Military_OD/outputs_full/runs/real_only_yolov8n_seed42_20260702_2112,yolov8n.pt,test
real_only,42,29,RQ4,0.192855180533752,0.1224823182769611,/content/drive/MyDrive/Military_OD/outputs_full/runs/real_only_yolov8n_seed42_20260702_2112,yolov8n.pt,test
real_only,42,30,Rafale,0.0816864790959652,0.0756739035709207,/content/drive/MyDrive/Military_OD/outputs_full/runs/real_only_yolov8n_seed42_20260702_2112,yolov8n.pt,test
real_only,42,31,SR71,0.328334702882685,0.2763583337214004,/content/drive/MyDrive/Military_OD/outputs_full/runs/real_only_yolov8n_seed42_20260702_2112,yolov8n.pt,test
real_only,42,32,Su34,0.3325576095674086,0.3106488348292378,/content/drive/MyDrive/Military_OD/outputs_full/runs/real_only_yolov8n_seed42_20260702_2112,yolov8n.pt,test
real_only,42,33,Su57,0.1168410434550713,0.1131566233727384,/content/drive/MyDrive/Military_OD/outputs_full/runs/real_only_yolov8n_seed42_20260702_2112,yolov8n.pt,test
real_only,42,34,Tornado,0.1317915675140346,0.1218433644504544,/content/drive/MyDrive/Military_OD/outputs_full/runs/real_only_yolov8n_seed42_20260702_2112,yolov8n.pt,test
real_only,42,35,Tu160,0.2626705080472121,0.2229406581921845,/content/drive/MyDrive/Military_OD/outputs_full/runs/real_only_yolov8n_seed42_20260702_2112,yolov8n.pt,test
real_only,42,36,Tu95,0.4603609544157355,0.3717809911003858,/content/drive/MyDrive/Military_OD/outputs_full/runs/real_only_yolov8n_seed42_20260702_2112,yolov8n.pt,test
real_only,42,37,U2,0.206728258204796,0.1869178093056395,/content/drive/MyDrive/Military_OD/outputs_full/runs/real_only_yolov8n_seed42_20260702_2112,yolov8n.pt,test
real_only,42,38,US2,0.5701207285464884,0.4562788846617953,/content/drive/MyDrive/Military_OD/outputs_full/runs/real_only_yolov8n_seed42_20260702_2112,yolov8n.pt,test
real_only,42,39,V22,0.3856153101070027,0.2815375021588441,/content/drive/MyDrive/Military_OD/outputs_full/runs/real_only_yolov8n_seed42_20260702_2112,yolov8n.pt,test
real_only,42,40,Vulcan,0.3034860755593294,0.2878879551410516,/content/drive/MyDrive/Military_OD/outputs_full/runs/real_only_yolov8n_seed42_20260702_2112,yolov8n.pt,test
real_only,42,41,XB70,0.5160970635224367,0.4480340642635418,/content/drive/MyDrive/Military_OD/outputs_full/runs/real_only_yolov8n_seed42_20260702_2112,yolov8n.pt,test
real_only,42,42,YF23,0.6266899342151395,0.6025601991056462,/content/drive/MyDrive/Military_OD/outputs_full/runs/real_only_yolov8n_seed42_20260702_2112,yolov8n.pt,test
real_only,43,0,A10,0.4641848507479673,0.3973460860614107,/content/drive/MyDrive/Military_OD/outputs_full/runs/real_only_yolov8n_seed43_20260703_1142,yolov8n.pt,val
real_only,43,1,A400M,0.3725589132329194,0.3172657615212866,/content/drive/MyDrive/Military_OD/outputs_full/runs/real_only_yolov8n_seed43_20260703_1142,yolov8n.pt,val
real_only,43,2,AG600,0.6465082910018821,0.5777152094730248,/content/drive/MyDrive/Military_OD/outputs_full/runs/real_only_yolov8n_seed43_20260703_1142,yolov8n.pt,val
real_only,43,3,AV8B,0.4594842036704947,0.3928015040074544,/content/drive/MyDrive/Military_OD/outputs_full/runs/real_only_yolov8n_seed43_20260703_1142,yolov8n.pt,val
real_only,43,4,B1,0.2166137310007225,0.1764019917042399,/content/drive/MyDrive/Military_OD/outputs_full/runs/real_only_yolov8n_seed43_20260703_1142,yolov8n.pt,val
real_only,43,5,B2,0.4992861207080706,0.4212155795532832,/content/drive/MyDrive/Military_OD/outputs_full/runs/real_only_yolov8n_seed43_20260703_1142,yolov8n.pt,val
real_only,43,6,B52,0.4377341811365944,0.3457782239056554,/content/drive/MyDrive/Military_OD/outputs_full/runs/real_only_yolov8n_seed43_20260703_1142,yolov8n.pt,val
real_only,43,7,Be200,0.6486224655847298,0.5657039407500257,/content/drive/MyDrive/Military_OD/outputs_full/runs/real_only_yolov8n_seed43_20260703_1142,yolov8n.pt,val
real_only,43,8,C130,0.2930527081240158,0.2322105742866107,/content/drive/MyDrive/Military_OD/outputs_full/runs/real_only_yolov8n_seed43_20260703_1142,yolov8n.pt,val
real_only,43,9,C17,0.2168358913098664,0.1877210936399304,/content/drive/MyDrive/Military_OD/outputs_full/runs/real_only_yolov8n_seed43_20260703_1142,yolov8n.pt,val
real_only,43,10,C2,0.7099921344655343,0.6473163717145501,/content/drive/MyDrive/Military_OD/outputs_full/runs/real_only_yolov8n_seed43_20260703_1142,yolov8n.pt,val
real_only,43,11,C5,0.3129999450599744,0.2389064816824802,/content/drive/MyDrive/Military_OD/outputs_full/runs/real_only_yolov8n_seed43_20260703_1142,yolov8n.pt,val
real_only,43,12,E2,0.4110397836496333,0.3155377840799205,/content/drive/MyDrive/Military_OD/outputs_full/runs/real_only_yolov8n_seed43_20260703_1142,yolov8n.pt,val
real_only,43,13,E7,0.6449206349206349,0.5742936507936508,/content/drive/MyDrive/Military_OD/outputs_full/runs/real_only_yolov8n_seed43_20260703_1142,yolov8n.pt,val
real_only,43,14,EF2000,0.0706491392273701,0.0508253322938881,/content/drive/MyDrive/Military_OD/outputs_full/runs/real_only_yolov8n_seed43_20260703_1142,yolov8n.pt,val
real_only,43,15,F117,0.3238442366579953,0.2496492035560235,/content/drive/MyDrive/Military_OD/outputs_full/runs/real_only_yolov8n_seed43_20260703_1142,yolov8n.pt,val
real_only,43,16,F14,0.2302465759228529,0.220104909389892,/content/drive/MyDrive/Military_OD/outputs_full/runs/real_only_yolov8n_seed43_20260703_1142,yolov8n.pt,val
real_only,43,17,F15,0.1382918626722843,0.1135402337543325,/content/drive/MyDrive/Military_OD/outputs_full/runs/real_only_yolov8n_seed43_20260703_1142,yolov8n.pt,val
real_only,43,18,F16,0.1617882568187445,0.1151286028105361,/content/drive/MyDrive/Military_OD/outputs_full/runs/real_only_yolov8n_seed43_20260703_1142,yolov8n.pt,val
real_only,43,19,F18,0.2519316902869311,0.1992755953623509,/content/drive/MyDrive/Military_OD/outputs_full/runs/real_only_yolov8n_seed43_20260703_1142,yolov8n.pt,val
real_only,43,20,F22,0.2209021737948849,0.1862951620823641,/content/drive/MyDrive/Military_OD/outputs_full/runs/real_only_yolov8n_seed43_20260703_1142,yolov8n.pt,val
real_only,43,21,F35,0.2550594981330466,0.2159693726744581,/content/drive/MyDrive/Military_OD/outputs_full/runs/real_only_yolov8n_seed43_20260703_1142,yolov8n.pt,val
real_only,43,22,F4,0.1112777949504925,0.0829239917709635,/content/drive/MyDrive/Military_OD/outputs_full/runs/real_only_yolov8n_seed43_20260703_1142,yolov8n.pt,val
real_only,43,23,J20,0.2196906217580019,0.2015319397927558,/content/drive/MyDrive/Military_OD/outputs_full/runs/real_only_yolov8n_seed43_20260703_1142,yolov8n.pt,val
real_only,43,24,JAS39,0.0975069216833535,0.0772217349559848,/content/drive/MyDrive/Military_OD/outputs_full/runs/real_only_yolov8n_seed43_20260703_1142,yolov8n.pt,val
real_only,43,25,MQ9,0.3189596521874528,0.2904385604632505,/content/drive/MyDrive/Military_OD/outputs_full/runs/real_only_yolov8n_seed43_20260703_1142,yolov8n.pt,val
real_only,43,26,Mig31,0.1884486242817786,0.1667462123892658,/content/drive/MyDrive/Military_OD/outputs_full/runs/real_only_yolov8n_seed43_20260703_1142,yolov8n.pt,val
real_only,43,27,Mirage2000,0.088223095949036,0.0631763220101883,/content/drive/MyDrive/Military_OD/outputs_full/runs/real_only_yolov8n_seed43_20260703_1142,yolov8n.pt,val
real_only,43,28,P3,0.398099036304166,0.3625280654032297,/content/drive/MyDrive/Military_OD/outputs_full/runs/real_only_yolov8n_seed43_20260703_1142,yolov8n.pt,val
real_only,43,29,RQ4,0.4480578930175023,0.3209613855646748,/content/drive/MyDrive/Military_OD/outputs_full/runs/real_only_yolov8n_seed43_20260703_1142,yolov8n.pt,val
real_only,43,30,Rafale,0.0999854843863761,0.0853673657951581,/content/drive/MyDrive/Military_OD/outputs_full/runs/real_only_yolov8n_seed43_20260703_1142,yolov8n.pt,val
real_only,43,31,SR71,0.4586505893156477,0.4353078864065415,/content/drive/MyDrive/Military_OD/outputs_full/runs/real_only_yolov8n_seed43_20260703_1142,yolov8n.pt,val
real_only,43,32,Su34,0.206071961244613,0.2044134349841449,/content/drive/MyDrive/Military_OD/outputs_full/runs/real_only_yolov8n_seed43_20260703_1142,yolov8n.pt,val
real_only,43,33,Su57,0.2870391623036484,0.2399298861354436,/content/drive/MyDrive/Military_OD/outputs_full/runs/real_only_yolov8n_seed43_20260703_1142,yolov8n.pt,val
real_only,43,34,Tornado,0.1839477536419571,0.1699687123046088,/content/drive/MyDrive/Military_OD/outputs_full/runs/real_only_yolov8n_seed43_20260703_1142,yolov8n.pt,val
real_only,43,35,Tu160,0.5441524052569192,0.4794985272081959,/content/drive/MyDrive/Military_OD/outputs_full/runs/real_only_yolov8n_seed43_20260703_1142,yolov8n.pt,val
real_only,43,36,Tu95,0.4958977119294808,0.3946306270033714,/content/drive/MyDrive/Military_OD/outputs_full/runs/real_only_yolov8n_seed43_20260703_1142,yolov8n.pt,val
real_only,43,37,U2,0.3863682034662555,0.3732651885415605,/content/drive/MyDrive/Military_OD/outputs_full/runs/real_only_yolov8n_seed43_20260703_1142,yolov8n.pt,val
real_only,43,38,US2,0.7224898818061884,0.6289586459250354,/content/drive/MyDrive/Military_OD/outputs_full/runs/real_only_yolov8n_seed43_20260703_1142,yolov8n.pt,val
real_only,43,39,V22,0.4557403848948765,0.3330075879603337,/content/drive/MyDrive/Military_OD/outputs_full/runs/real_only_yolov8n_seed43_20260703_1142,yolov8n.pt,val
real_only,43,40,Vulcan,0.3509725538717221,0.3243815328805739,/content/drive/MyDrive/Military_OD/outputs_full/runs/real_only_yolov8n_seed43_20260703_1142,yolov8n.pt,val
real_only,43,41,XB70,0.6169128371628371,0.4669609917859918,/content/drive/MyDrive/Military_OD/outputs_full/runs/real_only_yolov8n_seed43_20260703_1142,yolov8n.pt,val
real_only,43,42,YF23,0.5940281385281385,0.5135939069264068,/content/drive/MyDrive/Military_OD/outputs_full/runs/real_only_yolov8n_seed43_20260703_1142,yolov8n.pt,val
real_only,43,0,A10,0.4523970978245786,0.337575581450398,/content/drive/MyDrive/Military_OD/outputs_full/runs/real_only_yolov8n_seed43_20260703_1142,yolov8n.pt,test
real_only,43,1,A400M,0.2222144929948836,0.2010743694095208,/content/drive/MyDrive/Military_OD/outputs_full/runs/real_only_yolov8n_seed43_20260703_1142,yolov8n.pt,test
real_only,43,2,AG600,0.4493290936474172,0.4387592785304875,/content/drive/MyDrive/Military_OD/outputs_full/runs/real_only_yolov8n_seed43_20260703_1142,yolov8n.pt,test
real_only,43,3,AV8B,0.3356379202831754,0.3007873905937927,/content/drive/MyDrive/Military_OD/outputs_full/runs/real_only_yolov8n_seed43_20260703_1142,yolov8n.pt,test
real_only,43,4,B1,0.2995330235094795,0.2611487912899663,/content/drive/MyDrive/Military_OD/outputs_full/runs/real_only_yolov8n_seed43_20260703_1142,yolov8n.pt,test
real_only,43,5,B2,0.5466106371153849,0.4416436788304222,/content/drive/MyDrive/Military_OD/outputs_full/runs/real_only_yolov8n_seed43_20260703_1142,yolov8n.pt,test
real_only,43,6,B52,0.1725113572624041,0.1322497280962342,/content/drive/MyDrive/Military_OD/outputs_full/runs/real_only_yolov8n_seed43_20260703_1142,yolov8n.pt,test
real_only,43,7,Be200,0.5038867557669294,0.4300241676336244,/content/drive/MyDrive/Military_OD/outputs_full/runs/real_only_yolov8n_seed43_20260703_1142,yolov8n.pt,test
real_only,43,8,C130,0.3357721879253471,0.2789852486582614,/content/drive/MyDrive/Military_OD/outputs_full/runs/real_only_yolov8n_seed43_20260703_1142,yolov8n.pt,test
real_only,43,9,C17,0.2732873228242868,0.2331588139031555,/content/drive/MyDrive/Military_OD/outputs_full/runs/real_only_yolov8n_seed43_20260703_1142,yolov8n.pt,test
real_only,43,10,C2,0.6885996196506373,0.6569668829200408,/content/drive/MyDrive/Military_OD/outputs_full/runs/real_only_yolov8n_seed43_20260703_1142,yolov8n.pt,test
real_only,43,11,C5,0.3399863163446012,0.2988283780134561,/content/drive/MyDrive/Military_OD/outputs_full/runs/real_only_yolov8n_seed43_20260703_1142,yolov8n.pt,test
real_only,43,12,E2,0.3928212285087654,0.3266422913443382,/content/drive/MyDrive/Military_OD/outputs_full/runs/real_only_yolov8n_seed43_20260703_1142,yolov8n.pt,test
real_only,43,13,E7,0.4883535711274138,0.4550662437318141,/content/drive/MyDrive/Military_OD/outputs_full/runs/real_only_yolov8n_seed43_20260703_1142,yolov8n.pt,test
real_only,43,14,EF2000,0.1073053716387956,0.096970859320762,/content/drive/MyDrive/Military_OD/outputs_full/runs/real_only_yolov8n_seed43_20260703_1142,yolov8n.pt,test
real_only,43,15,F117,0.4601658098672235,0.4170583062329721,/content/drive/MyDrive/Military_OD/outputs_full/runs/real_only_yolov8n_seed43_20260703_1142,yolov8n.pt,test
real_only,43,16,F14,0.0231251045321119,0.018143197066093,/content/drive/MyDrive/Military_OD/outputs_full/runs/real_only_yolov8n_seed43_20260703_1142,yolov8n.pt,test
real_only,43,17,F15,0.1820367443149014,0.1509408131543193,/content/drive/MyDrive/Military_OD/outputs_full/runs/real_only_yolov8n_seed43_20260703_1142,yolov8n.pt,test
real_only,43,18,F16,0.3948189924367763,0.3023748803633866,/content/drive/MyDrive/Military_OD/outputs_full/runs/real_only_yolov8n_seed43_20260703_1142,yolov8n.pt,test
real_only,43,19,F18,0.2998146318521953,0.2427097995519634,/content/drive/MyDrive/Military_OD/outputs_full/runs/real_only_yolov8n_seed43_20260703_1142,yolov8n.pt,test
real_only,43,20,F22,0.1673325503654843,0.1469727349973017,/content/drive/MyDrive/Military_OD/outputs_full/runs/real_only_yolov8n_seed43_20260703_1142,yolov8n.pt,test
real_only,43,21,F35,0.4241044758671797,0.3101026702116216,/content/drive/MyDrive/Military_OD/outputs_full/runs/real_only_yolov8n_seed43_20260703_1142,yolov8n.pt,test
real_only,43,22,F4,0.1706352440539195,0.143945292074876,/content/drive/MyDrive/Military_OD/outputs_full/runs/real_only_yolov8n_seed43_20260703_1142,yolov8n.pt,test
real_only,43,23,J20,0.3029677774579816,0.290714073648108,/content/drive/MyDrive/Military_OD/outputs_full/runs/real_only_yolov8n_seed43_20260703_1142,yolov8n.pt,test
real_only,43,24,JAS39,0.2653779676255146,0.1965119083198703,/content/drive/MyDrive/Military_OD/outputs_full/runs/real_only_yolov8n_seed43_20260703_1142,yolov8n.pt,test
real_only,43,25,MQ9,0.4274746164458205,0.3459720391328394,/content/drive/MyDrive/Military_OD/outputs_full/runs/real_only_yolov8n_seed43_20260703_1142,yolov8n.pt,test
real_only,43,26,Mig31,0.2330211145862862,0.2285094923948614,/content/drive/MyDrive/Military_OD/outputs_full/runs/real_only_yolov8n_seed43_20260703_1142,yolov8n.pt,test
real_only,43,27,Mirage2000,0.171807615604514,0.1326245543432211,/content/drive/MyDrive/Military_OD/outputs_full/runs/real_only_yolov8n_seed43_20260703_1142,yolov8n.pt,test
real_only,43,28,P3,0.4468150664521127,0.422867790636564,/content/drive/MyDrive/Military_OD/outputs_full/runs/real_only_yolov8n_seed43_20260703_1142,yolov8n.pt,test
real_only,43,29,RQ4,0.2355553513464232,0.1688545333437534,/content/drive/MyDrive/Military_OD/outputs_full/runs/real_only_yolov8n_seed43_20260703_1142,yolov8n.pt,test
real_only,43,30,Rafale,0.063381379686955,0.0618664984626016,/content/drive/MyDrive/Military_OD/outputs_full/runs/real_only_yolov8n_seed43_20260703_1142,yolov8n.pt,test
real_only,43,31,SR71,0.3315567786255092,0.2784021498558831,/content/drive/MyDrive/Military_OD/outputs_full/runs/real_only_yolov8n_seed43_20260703_1142,yolov8n.pt,test
real_only,43,32,Su34,0.2596219909364294,0.2441058652255208,/content/drive/MyDrive/Military_OD/outputs_full/runs/real_only_yolov8n_seed43_20260703_1142,yolov8n.pt,test
real_only,43,33,Su57,0.1572332404756238,0.1395249103247248,/content/drive/MyDrive/Military_OD/outputs_full/runs/real_only_yolov8n_seed43_20260703_1142,yolov8n.pt,test
real_only,43,34,Tornado,0.1756559337086676,0.157219153325502,/content/drive/MyDrive/Military_OD/outputs_full/runs/real_only_yolov8n_seed43_20260703_1142,yolov8n.pt,test
real_only,43,35,Tu160,0.4116434568751591,0.2708683245234858,/content/drive/MyDrive/Military_OD/outputs_full/runs/real_only_yolov8n_seed43_20260703_1142,yolov8n.pt,test
real_only,43,36,Tu95,0.1950023225706287,0.1455218004868007,/content/drive/MyDrive/Military_OD/outputs_full/runs/real_only_yolov8n_seed43_20260703_1142,yolov8n.pt,test
real_only,43,37,U2,0.2133385347942064,0.2130502465059181,/content/drive/MyDrive/Military_OD/outputs_full/runs/real_only_yolov8n_seed43_20260703_1142,yolov8n.pt,test
real_only,43,38,US2,0.6027939373231918,0.4761641159524544,/content/drive/MyDrive/Military_OD/outputs_full/runs/real_only_yolov8n_seed43_20260703_1142,yolov8n.pt,test
real_only,43,39,V22,0.3178161459695337,0.2151720148274978,/content/drive/MyDrive/Military_OD/outputs_full/runs/real_only_yolov8n_seed43_20260703_1142,yolov8n.pt,test
real_only,43,40,Vulcan,0.462544727002577,0.4268063208437975,/content/drive/MyDrive/Military_OD/outputs_full/runs/real_only_yolov8n_seed43_20260703_1142,yolov8n.pt,test
real_only,43,41,XB70,0.5252397698209719,0.4941769259087034,/content/drive/MyDrive/Military_OD/outputs_full/runs/real_only_yolov8n_seed43_20260703_1142,yolov8n.pt,test
real_only,43,42,YF23,0.5374101709692871,0.5087691903855717,/content/drive/MyDrive/Military_OD/outputs_full/runs/real_only_yolov8n_seed43_20260703_1142,yolov8n.pt,test
basic_aug,42,0,A10,0.5958219567127669,0.493344448711406,/content/drive/MyDrive/Military_OD/outputs_full/runs/basic_aug_yolov8n_seed42_20260704_0154,yolov8n.pt,test
basic_aug,42,1,A400M,0.7623146375149185,0.6902534423575026,/content/drive/MyDrive/Military_OD/outputs_full/runs/basic_aug_yolov8n_seed42_20260704_0154,yolov8n.pt,test
basic_aug,42,2,AG600,0.8056128587871991,0.7712111846568346,/content/drive/MyDrive/Military_OD/outputs_full/runs/basic_aug_yolov8n_seed42_20260704_0154,yolov8n.pt,test
basic_aug,42,3,AV8B,0.6997833322793394,0.6307187837039601,/content/drive/MyDrive/Military_OD/outputs_full/runs/basic_aug_yolov8n_seed42_20260704_0154,yolov8n.pt,test
basic_aug,42,4,B1,0.7645986616966365,0.6849714301308125,/content/drive/MyDrive/Military_OD/outputs_full/runs/basic_aug_yolov8n_seed42_20260704_0154,yolov8n.pt,test
basic_aug,42,5,B2,0.8428247873701803,0.7628349632365643,/content/drive/MyDrive/Military_OD/outputs_full/runs/basic_aug_yolov8n_seed42_20260704_0154,yolov8n.pt,test
basic_aug,42,6,B52,0.6346045647405085,0.5257118074628708,/content/drive/MyDrive/Military_OD/outputs_full/runs/basic_aug_yolov8n_seed42_20260704_0154,yolov8n.pt,test
basic_aug,42,7,Be200,0.8129630369209125,0.7453122275571797,/content/drive/MyDrive/Military_OD/outputs_full/runs/basic_aug_yolov8n_seed42_20260704_0154,yolov8n.pt,test
basic_aug,42,8,C130,0.6410563430557839,0.5552230502027233,/content/drive/MyDrive/Military_OD/outputs_full/runs/basic_aug_yolov8n_seed42_20260704_0154,yolov8n.pt,test
basic_aug,42,9,C17,0.5264358605060072,0.446509944773349,/content/drive/MyDrive/Military_OD/outputs_full/runs/basic_aug_yolov8n_seed42_20260704_0154,yolov8n.pt,test
basic_aug,42,10,C2,0.8429850069443428,0.8062779091288277,/content/drive/MyDrive/Military_OD/outputs_full/runs/basic_aug_yolov8n_seed42_20260704_0154,yolov8n.pt,test
basic_aug,42,11,C5,0.6760583598871476,0.6056720051011651,/content/drive/MyDrive/Military_OD/outputs_full/runs/basic_aug_yolov8n_seed42_20260704_0154,yolov8n.pt,test
basic_aug,42,12,E2,0.7916596652101938,0.7148848720186234,/content/drive/MyDrive/Military_OD/outputs_full/runs/basic_aug_yolov8n_seed42_20260704_0154,yolov8n.pt,test
basic_aug,42,13,E7,0.7326643999873781,0.5993745583147685,/content/drive/MyDrive/Military_OD/outputs_full/runs/basic_aug_yolov8n_seed42_20260704_0154,yolov8n.pt,test
basic_aug,42,14,EF2000,0.5656041570794016,0.5143038355922582,/content/drive/MyDrive/Military_OD/outputs_full/runs/basic_aug_yolov8n_seed42_20260704_0154,yolov8n.pt,test
basic_aug,42,15,F117,0.8017527657471192,0.7130841675651253,/content/drive/MyDrive/Military_OD/outputs_full/runs/basic_aug_yolov8n_seed42_20260704_0154,yolov8n.pt,test
basic_aug,42,16,F14,0.2508818946077006,0.2296129653371939,/content/drive/MyDrive/Military_OD/outputs_full/runs/basic_aug_yolov8n_seed42_20260704_0154,yolov8n.pt,test
basic_aug,42,17,F15,0.5543760962194897,0.4753994852248364,/content/drive/MyDrive/Military_OD/outputs_full/runs/basic_aug_yolov8n_seed42_20260704_0154,yolov8n.pt,test
basic_aug,42,18,F16,0.579890613270836,0.4699393617719161,/content/drive/MyDrive/Military_OD/outputs_full/runs/basic_aug_yolov8n_seed42_20260704_0154,yolov8n.pt,test
basic_aug,42,19,F18,0.4512307952496603,0.3930618311437159,/content/drive/MyDrive/Military_OD/outputs_full/runs/basic_aug_yolov8n_seed42_20260704_0154,yolov8n.pt,test
basic_aug,42,20,F22,0.5857549686925101,0.4926677146722557,/content/drive/MyDrive/Military_OD/outputs_full/runs/basic_aug_yolov8n_seed42_20260704_0154,yolov8n.pt,test
basic_aug,42,21,F35,0.6255596096236968,0.5249671252675533,/content/drive/MyDrive/Military_OD/outputs_full/runs/basic_aug_yolov8n_seed42_20260704_0154,yolov8n.pt,test
basic_aug,42,22,F4,0.6306341201170867,0.519719445386521,/content/drive/MyDrive/Military_OD/outputs_full/runs/basic_aug_yolov8n_seed42_20260704_0154,yolov8n.pt,test
basic_aug,42,23,J20,0.639709466801297,0.6210998182809804,/content/drive/MyDrive/Military_OD/outputs_full/runs/basic_aug_yolov8n_seed42_20260704_0154,yolov8n.pt,test
basic_aug,42,24,JAS39,0.4671442122805637,0.4057800720645605,/content/drive/MyDrive/Military_OD/outputs_full/runs/basic_aug_yolov8n_seed42_20260704_0154,yolov8n.pt,test
basic_aug,42,25,MQ9,0.7106032913225334,0.6016791138814219,/content/drive/MyDrive/Military_OD/outputs_full/runs/basic_aug_yolov8n_seed42_20260704_0154,yolov8n.pt,test
basic_aug,42,26,Mig31,0.6850711330577859,0.6583527620151534,/content/drive/MyDrive/Military_OD/outputs_full/runs/basic_aug_yolov8n_seed42_20260704_0154,yolov8n.pt,test
basic_aug,42,27,Mirage2000,0.5571453209099753,0.482317938436684,/content/drive/MyDrive/Military_OD/outputs_full/runs/basic_aug_yolov8n_seed42_20260704_0154,yolov8n.pt,test
basic_aug,42,28,P3,0.8298792536000619,0.7818924198232782,/content/drive/MyDrive/Military_OD/outputs_full/runs/basic_aug_yolov8n_seed42_20260704_0154,yolov8n.pt,test
basic_aug,42,29,RQ4,0.5154328282463243,0.4093426250414643,/content/drive/MyDrive/Military_OD/outputs_full/runs/basic_aug_yolov8n_seed42_20260704_0154,yolov8n.pt,test
basic_aug,42,30,Rafale,0.3302524856227642,0.2755230974684972,/content/drive/MyDrive/Military_OD/outputs_full/runs/basic_aug_yolov8n_seed42_20260704_0154,yolov8n.pt,test
basic_aug,42,31,SR71,0.7643336776991562,0.6542742751408931,/content/drive/MyDrive/Military_OD/outputs_full/runs/basic_aug_yolov8n_seed42_20260704_0154,yolov8n.pt,test
basic_aug,42,32,Su34,0.5641531038423101,0.5268654002138806,/content/drive/MyDrive/Military_OD/outputs_full/runs/basic_aug_yolov8n_seed42_20260704_0154,yolov8n.pt,test
basic_aug,42,33,Su57,0.4698194721107042,0.4269048444133223,/content/drive/MyDrive/Military_OD/outputs_full/runs/basic_aug_yolov8n_seed42_20260704_0154,yolov8n.pt,test
basic_aug,42,34,Tornado,0.5925312948628361,0.5455474486904095,/content/drive/MyDrive/Military_OD/outputs_full/runs/basic_aug_yolov8n_seed42_20260704_0154,yolov8n.pt,test
basic_aug,42,35,Tu160,0.7653266443855921,0.6320869071077662,/content/drive/MyDrive/Military_OD/outputs_full/runs/basic_aug_yolov8n_seed42_20260704_0154,yolov8n.pt,test
basic_aug,42,36,Tu95,0.5394032395566923,0.4603746803069054,/content/drive/MyDrive/Military_OD/outputs_full/runs/basic_aug_yolov8n_seed42_20260704_0154,yolov8n.pt,test
basic_aug,42,37,U2,0.4662065000053058,0.4327406213191321,/content/drive/MyDrive/Military_OD/outputs_full/runs/basic_aug_yolov8n_seed42_20260704_0154,yolov8n.pt,test
basic_aug,42,38,US2,0.8918353714742936,0.8068568968273506,/content/drive/MyDrive/Military_OD/outputs_full/runs/basic_aug_yolov8n_seed42_20260704_0154,yolov8n.pt,test
basic_aug,42,39,V22,0.5502338987832865,0.4183324066864462,/content/drive/MyDrive/Military_OD/outputs_full/runs/basic_aug_yolov8n_seed42_20260704_0154,yolov8n.pt,test
basic_aug,42,40,Vulcan,0.7780153593884033,0.7442867223065117,/content/drive/MyDrive/Military_OD/outputs_full/runs/basic_aug_yolov8n_seed42_20260704_0154,yolov8n.pt,test
basic_aug,42,41,XB70,0.7707690995048183,0.6869059958853285,/content/drive/MyDrive/Military_OD/outputs_full/runs/basic_aug_yolov8n_seed42_20260704_0154,yolov8n.pt,test
basic_aug,42,42,YF23,0.9128671328671332,0.7805038655788656,/content/drive/MyDrive/Military_OD/outputs_full/runs/basic_aug_yolov8n_seed42_20260704_0154,yolov8n.pt,test
basic_aug,43,0,A10,0.6374802209868232,0.523858808569049,/content/drive/MyDrive/Military_OD/outputs_full/runs/basic_aug_yolov8n_seed43_20260704_0449,yolov8n.pt,test
basic_aug,43,1,A400M,0.6592179647446299,0.5982889729565375,/content/drive/MyDrive/Military_OD/outputs_full/runs/basic_aug_yolov8n_seed43_20260704_0449,yolov8n.pt,test
basic_aug,43,2,AG600,0.8267946269416859,0.797138337153043,/content/drive/MyDrive/Military_OD/outputs_full/runs/basic_aug_yolov8n_seed43_20260704_0449,yolov8n.pt,test
basic_aug,43,3,AV8B,0.718458709816215,0.64095914718378,/content/drive/MyDrive/Military_OD/outputs_full/runs/basic_aug_yolov8n_seed43_20260704_0449,yolov8n.pt,test
basic_aug,43,4,B1,0.6499385712999896,0.5865074197014166,/content/drive/MyDrive/Military_OD/outputs_full/runs/basic_aug_yolov8n_seed43_20260704_0449,yolov8n.pt,test
basic_aug,43,5,B2,0.8512698726730985,0.7386870731770233,/content/drive/MyDrive/Military_OD/outputs_full/runs/basic_aug_yolov8n_seed43_20260704_0449,yolov8n.pt,test
basic_aug,43,6,B52,0.693279606313163,0.5640722236413724,/content/drive/MyDrive/Military_OD/outputs_full/runs/basic_aug_yolov8n_seed43_20260704_0449,yolov8n.pt,test
basic_aug,43,7,Be200,0.8249829995716427,0.7735540653194326,/content/drive/MyDrive/Military_OD/outputs_full/runs/basic_aug_yolov8n_seed43_20260704_0449,yolov8n.pt,test
basic_aug,43,8,C130,0.6465574310976974,0.5739572523892089,/content/drive/MyDrive/Military_OD/outputs_full/runs/basic_aug_yolov8n_seed43_20260704_0449,yolov8n.pt,test
basic_aug,43,9,C17,0.514117198039983,0.4577242755134794,/content/drive/MyDrive/Military_OD/outputs_full/runs/basic_aug_yolov8n_seed43_20260704_0449,yolov8n.pt,test
basic_aug,43,10,C2,0.8690736735367347,0.8016170312606281,/content/drive/MyDrive/Military_OD/outputs_full/runs/basic_aug_yolov8n_seed43_20260704_0449,yolov8n.pt,test
basic_aug,43,11,C5,0.6811282504706981,0.6118692190661017,/content/drive/MyDrive/Military_OD/outputs_full/runs/basic_aug_yolov8n_seed43_20260704_0449,yolov8n.pt,test
basic_aug,43,12,E2,0.8672837910595476,0.7379469736469797,/content/drive/MyDrive/Military_OD/outputs_full/runs/basic_aug_yolov8n_seed43_20260704_0449,yolov8n.pt,test
basic_aug,43,13,E7,0.676863289834233,0.5739013482885762,/content/drive/MyDrive/Military_OD/outputs_full/runs/basic_aug_yolov8n_seed43_20260704_0449,yolov8n.pt,test
basic_aug,43,14,EF2000,0.4398987415126725,0.3869307214262343,/content/drive/MyDrive/Military_OD/outputs_full/runs/basic_aug_yolov8n_seed43_20260704_0449,yolov8n.pt,test
basic_aug,43,15,F117,0.8101040768182993,0.7493526490207973,/content/drive/MyDrive/Military_OD/outputs_full/runs/basic_aug_yolov8n_seed43_20260704_0449,yolov8n.pt,test
basic_aug,43,16,F14,0.2597849293240819,0.2336819438663948,/content/drive/MyDrive/Military_OD/outputs_full/runs/basic_aug_yolov8n_seed43_20260704_0449,yolov8n.pt,test
basic_aug,43,17,F15,0.5382305297631222,0.4656718370164964,/content/drive/MyDrive/Military_OD/outputs_full/runs/basic_aug_yolov8n_seed43_20260704_0449,yolov8n.pt,test
basic_aug,43,18,F16,0.6201055343773065,0.5073534134299718,/content/drive/MyDrive/Military_OD/outputs_full/runs/basic_aug_yolov8n_seed43_20260704_0449,yolov8n.pt,test
basic_aug,43,19,F18,0.5216196896787532,0.4398935722673902,/content/drive/MyDrive/Military_OD/outputs_full/runs/basic_aug_yolov8n_seed43_20260704_0449,yolov8n.pt,test
basic_aug,43,20,F22,0.531799653379871,0.468754530783976,/content/drive/MyDrive/Military_OD/outputs_full/runs/basic_aug_yolov8n_seed43_20260704_0449,yolov8n.pt,test
basic_aug,43,21,F35,0.6219461667122642,0.5099075670324568,/content/drive/MyDrive/Military_OD/outputs_full/runs/basic_aug_yolov8n_seed43_20260704_0449,yolov8n.pt,test
basic_aug,43,22,F4,0.6696457819273698,0.5741803337276011,/content/drive/MyDrive/Military_OD/outputs_full/runs/basic_aug_yolov8n_seed43_20260704_0449,yolov8n.pt,test
basic_aug,43,23,J20,0.5922184425001156,0.5749453101952425,/content/drive/MyDrive/Military_OD/outputs_full/runs/basic_aug_yolov8n_seed43_20260704_0449,yolov8n.pt,test
basic_aug,43,24,JAS39,0.4352971604352805,0.3750404486503115,/content/drive/MyDrive/Military_OD/outputs_full/runs/basic_aug_yolov8n_seed43_20260704_0449,yolov8n.pt,test
basic_aug,43,25,MQ9,0.7058618783123599,0.6087738426202216,/content/drive/MyDrive/Military_OD/outputs_full/runs/basic_aug_yolov8n_seed43_20260704_0449,yolov8n.pt,test
basic_aug,43,26,Mig31,0.6211583211935162,0.5883994311019418,/content/drive/MyDrive/Military_OD/outputs_full/runs/basic_aug_yolov8n_seed43_20260704_0449,yolov8n.pt,test
basic_aug,43,27,Mirage2000,0.5442474443226265,0.4646336155560874,/content/drive/MyDrive/Military_OD/outputs_full/runs/basic_aug_yolov8n_seed43_20260704_0449,yolov8n.pt,test
basic_aug,43,28,P3,0.7306402956267926,0.6929827259703754,/content/drive/MyDrive/Military_OD/outputs_full/runs/basic_aug_yolov8n_seed43_20260704_0449,yolov8n.pt,test
basic_aug,43,29,RQ4,0.6431656449185706,0.4717187181871942,/content/drive/MyDrive/Military_OD/outputs_full/runs/basic_aug_yolov8n_seed43_20260704_0449,yolov8n.pt,test
basic_aug,43,30,Rafale,0.2550863264049409,0.2170042674466503,/content/drive/MyDrive/Military_OD/outputs_full/runs/basic_aug_yolov8n_seed43_20260704_0449,yolov8n.pt,test
basic_aug,43,31,SR71,0.695124900079936,0.6308689825795041,/content/drive/MyDrive/Military_OD/outputs_full/runs/basic_aug_yolov8n_seed43_20260704_0449,yolov8n.pt,test
basic_aug,43,32,Su34,0.659255414097565,0.597648975402785,/content/drive/MyDrive/Military_OD/outputs_full/runs/basic_aug_yolov8n_seed43_20260704_0449,yolov8n.pt,test
basic_aug,43,33,Su57,0.5998279803310717,0.5670110300543616,/content/drive/MyDrive/Military_OD/outputs_full/runs/basic_aug_yolov8n_seed43_20260704_0449,yolov8n.pt,test
basic_aug,43,34,Tornado,0.5705329854835786,0.5320292210766085,/content/drive/MyDrive/Military_OD/outputs_full/runs/basic_aug_yolov8n_seed43_20260704_0449,yolov8n.pt,test
basic_aug,43,35,Tu160,0.6956791046235139,0.5826479930138678,/content/drive/MyDrive/Military_OD/outputs_full/runs/basic_aug_yolov8n_seed43_20260704_0449,yolov8n.pt,test
basic_aug,43,36,Tu95,0.6452500000000001,0.6003944444444445,/content/drive/MyDrive/Military_OD/outputs_full/runs/basic_aug_yolov8n_seed43_20260704_0449,yolov8n.pt,test
basic_aug,43,37,U2,0.4551916293226176,0.4107991955613109,/content/drive/MyDrive/Military_OD/outputs_full/runs/basic_aug_yolov8n_seed43_20260704_0449,yolov8n.pt,test
basic_aug,43,38,US2,0.8353082354284552,0.7492399921420689,/content/drive/MyDrive/Military_OD/outputs_full/runs/basic_aug_yolov8n_seed43_20260704_0449,yolov8n.pt,test
basic_aug,43,39,V22,0.5367860580755848,0.407594338761325,/content/drive/MyDrive/Military_OD/outputs_full/runs/basic_aug_yolov8n_seed43_20260704_0449,yolov8n.pt,test
basic_aug,43,40,Vulcan,0.6988747452892182,0.6658139716859467,/content/drive/MyDrive/Military_OD/outputs_full/runs/basic_aug_yolov8n_seed43_20260704_0449,yolov8n.pt,test
basic_aug,43,41,XB70,0.7064484910763535,0.5977825926582605,/content/drive/MyDrive/Military_OD/outputs_full/runs/basic_aug_yolov8n_seed43_20260704_0449,yolov8n.pt,test
basic_aug,43,42,YF23,0.9280322580645164,0.8006854838709678,/content/drive/MyDrive/Military_OD/outputs_full/runs/basic_aug_yolov8n_seed43_20260704_0449,yolov8n.pt,test
tail_oversampling,42,0,A10,0.4730172939808973,0.3644423385750385,/content/drive/MyDrive/Military_OD/outputs_full/runs/tail_oversampling_yolov8n_seed42_20260704_0745,yolov8n.pt,test
tail_oversampling,42,1,A400M,0.3292146911367377,0.2855196271866653,/content/drive/MyDrive/Military_OD/outputs_full/runs/tail_oversampling_yolov8n_seed42_20260704_0745,yolov8n.pt,test
tail_oversampling,42,2,AG600,0.3807263830953655,0.3673929032476151,/content/drive/MyDrive/Military_OD/outputs_full/runs/tail_oversampling_yolov8n_seed42_20260704_0745,yolov8n.pt,test
tail_oversampling,42,3,AV8B,0.3733092790176114,0.3282964536830103,/content/drive/MyDrive/Military_OD/outputs_full/runs/tail_oversampling_yolov8n_seed42_20260704_0745,yolov8n.pt,test
tail_oversampling,42,4,B1,0.3332471996407865,0.2877134726500195,/content/drive/MyDrive/Military_OD/outputs_full/runs/tail_oversampling_yolov8n_seed42_20260704_0745,yolov8n.pt,test
tail_oversampling,42,5,B2,0.5778031152741491,0.4591760611908923,/content/drive/MyDrive/Military_OD/outputs_full/runs/tail_oversampling_yolov8n_seed42_20260704_0745,yolov8n.pt,test
tail_oversampling,42,6,B52,0.1689835941608541,0.1384507482859014,/content/drive/MyDrive/Military_OD/outputs_full/runs/tail_oversampling_yolov8n_seed42_20260704_0745,yolov8n.pt,test
tail_oversampling,42,7,Be200,0.6107171710311456,0.5422207741107015,/content/drive/MyDrive/Military_OD/outputs_full/runs/tail_oversampling_yolov8n_seed42_20260704_0745,yolov8n.pt,test
tail_oversampling,42,8,C130,0.2243648764900669,0.181090021377967,/content/drive/MyDrive/Military_OD/outputs_full/runs/tail_oversampling_yolov8n_seed42_20260704_0745,yolov8n.pt,test
tail_oversampling,42,9,C17,0.4718702824207721,0.4000388414791141,/content/drive/MyDrive/Military_OD/outputs_full/runs/tail_oversampling_yolov8n_seed42_20260704_0745,yolov8n.pt,test
tail_oversampling,42,10,C2,0.6336874768179934,0.5945232895660705,/content/drive/MyDrive/Military_OD/outputs_full/runs/tail_oversampling_yolov8n_seed42_20260704_0745,yolov8n.pt,test
tail_oversampling,42,11,C5,0.3779383586657158,0.3286300427762504,/content/drive/MyDrive/Military_OD/outputs_full/runs/tail_oversampling_yolov8n_seed42_20260704_0745,yolov8n.pt,test
tail_oversampling,42,12,E2,0.3969403346928972,0.3503082080173038,/content/drive/MyDrive/Military_OD/outputs_full/runs/tail_oversampling_yolov8n_seed42_20260704_0745,yolov8n.pt,test
tail_oversampling,42,13,E7,0.4412298094698247,0.3913924233487555,/content/drive/MyDrive/Military_OD/outputs_full/runs/tail_oversampling_yolov8n_seed42_20260704_0745,yolov8n.pt,test
tail_oversampling,42,14,EF2000,0.0873740175318901,0.0698723361420509,/content/drive/MyDrive/Military_OD/outputs_full/runs/tail_oversampling_yolov8n_seed42_20260704_0745,yolov8n.pt,test
tail_oversampling,42,15,F117,0.5508420818145545,0.4720433569515593,/content/drive/MyDrive/Military_OD/outputs_full/runs/tail_oversampling_yolov8n_seed42_20260704_0745,yolov8n.pt,test
tail_oversampling,42,16,F14,0.0228786438299112,0.0177968463436088,/content/drive/MyDrive/Military_OD/outputs_full/runs/tail_oversampling_yolov8n_seed42_20260704_0745,yolov8n.pt,test
tail_oversampling,42,17,F15,0.2251345968232823,0.1980704544567165,/content/drive/MyDrive/Military_OD/outputs_full/runs/tail_oversampling_yolov8n_seed42_20260704_0745,yolov8n.pt,test
tail_oversampling,42,18,F16,0.3513368025331267,0.2807932487283816,/content/drive/MyDrive/Military_OD/outputs_full/runs/tail_oversampling_yolov8n_seed42_20260704_0745,yolov8n.pt,test
tail_oversampling,42,19,F18,0.2329577356642813,0.1943327442763125,/content/drive/MyDrive/Military_OD/outputs_full/runs/tail_oversampling_yolov8n_seed42_20260704_0745,yolov8n.pt,test
tail_oversampling,42,20,F22,0.1665918654065536,0.1431274790789524,/content/drive/MyDrive/Military_OD/outputs_full/runs/tail_oversampling_yolov8n_seed42_20260704_0745,yolov8n.pt,test
tail_oversampling,42,21,F35,0.37654373166064,0.2968837905205632,/content/drive/MyDrive/Military_OD/outputs_full/runs/tail_oversampling_yolov8n_seed42_20260704_0745,yolov8n.pt,test
tail_oversampling,42,22,F4,0.1879225991139249,0.1665540384158892,/content/drive/MyDrive/Military_OD/outputs_full/runs/tail_oversampling_yolov8n_seed42_20260704_0745,yolov8n.pt,test
tail_oversampling,42,23,J20,0.3222369268336494,0.3120099390633447,/content/drive/MyDrive/Military_OD/outputs_full/runs/tail_oversampling_yolov8n_seed42_20260704_0745,yolov8n.pt,test
tail_oversampling,42,24,JAS39,0.1404425014062088,0.1164476709152065,/content/drive/MyDrive/Military_OD/outputs_full/runs/tail_oversampling_yolov8n_seed42_20260704_0745,yolov8n.pt,test
tail_oversampling,42,25,MQ9,0.4641967984466038,0.3391952717651546,/content/drive/MyDrive/Military_OD/outputs_full/runs/tail_oversampling_yolov8n_seed42_20260704_0745,yolov8n.pt,test
tail_oversampling,42,26,Mig31,0.2769342247039797,0.2563844337751377,/content/drive/MyDrive/Military_OD/outputs_full/runs/tail_oversampling_yolov8n_seed42_20260704_0745,yolov8n.pt,test
tail_oversampling,42,27,Mirage2000,0.1614256387507189,0.1234231302103447,/content/drive/MyDrive/Military_OD/outputs_full/runs/tail_oversampling_yolov8n_seed42_20260704_0745,yolov8n.pt,test
tail_oversampling,42,28,P3,0.3306803204878855,0.3066648881013633,/content/drive/MyDrive/Military_OD/outputs_full/runs/tail_oversampling_yolov8n_seed42_20260704_0745,yolov8n.pt,test
tail_oversampling,42,29,RQ4,0.1989646676941758,0.1156021273914051,/content/drive/MyDrive/Military_OD/outputs_full/runs/tail_oversampling_yolov8n_seed42_20260704_0745,yolov8n.pt,test
tail_oversampling,42,30,Rafale,0.0637125269094529,0.0546145059528348,/content/drive/MyDrive/Military_OD/outputs_full/runs/tail_oversampling_yolov8n_seed42_20260704_0745,yolov8n.pt,test
tail_oversampling,42,31,SR71,0.4140888222616701,0.3107467150197948,/content/drive/MyDrive/Military_OD/outputs_full/runs/tail_oversampling_yolov8n_seed42_20260704_0745,yolov8n.pt,test
tail_oversampling,42,32,Su34,0.4255158651155264,0.3705765729464438,/content/drive/MyDrive/Military_OD/outputs_full/runs/tail_oversampling_yolov8n_seed42_20260704_0745,yolov8n.pt,test
tail_oversampling,42,33,Su57,0.1834422826654479,0.1657469879078671,/content/drive/MyDrive/Military_OD/outputs_full/runs/tail_oversampling_yolov8n_seed42_20260704_0745,yolov8n.pt,test
tail_oversampling,42,34,Tornado,0.2637197586478798,0.2458409738154865,/content/drive/MyDrive/Military_OD/outputs_full/runs/tail_oversampling_yolov8n_seed42_20260704_0745,yolov8n.pt,test
tail_oversampling,42,35,Tu160,0.3769118888493897,0.3012608306332843,/content/drive/MyDrive/Military_OD/outputs_full/runs/tail_oversampling_yolov8n_seed42_20260704_0745,yolov8n.pt,test
tail_oversampling,42,36,Tu95,0.4836179867986799,0.3708205445544554,/content/drive/MyDrive/Military_OD/outputs_full/runs/tail_oversampling_yolov8n_seed42_20260704_0745,yolov8n.pt,test
tail_oversampling,42,37,U2,0.2407975653975654,0.2191872429422429,/content/drive/MyDrive/Military_OD/outputs_full/runs/tail_oversampling_yolov8n_seed42_20260704_0745,yolov8n.pt,test
tail_oversampling,42,38,US2,0.6893210466452835,0.5770554494208849,/content/drive/MyDrive/Military_OD/outputs_full/runs/tail_oversampling_yolov8n_seed42_20260704_0745,yolov8n.pt,test
tail_oversampling,42,39,V22,0.3358707381134563,0.247017958136629,/content/drive/MyDrive/Military_OD/outputs_full/runs/tail_oversampling_yolov8n_seed42_20260704_0745,yolov8n.pt,test
tail_oversampling,42,40,Vulcan,0.3124442845718175,0.2935714404789529,/content/drive/MyDrive/Military_OD/outputs_full/runs/tail_oversampling_yolov8n_seed42_20260704_0745,yolov8n.pt,test
tail_oversampling,42,41,XB70,0.35100660742766,0.3147043897622845,/content/drive/MyDrive/Military_OD/outputs_full/runs/tail_oversampling_yolov8n_seed42_20260704_0745,yolov8n.pt,test
tail_oversampling,42,42,YF23,0.7167875237096935,0.6163783642807228,/content/drive/MyDrive/Military_OD/outputs_full/runs/tail_oversampling_yolov8n_seed42_20260704_0745,yolov8n.pt,test
tail_oversampling,43,0,A10,0.3478156263421808,0.25557301675325805,/content/drive/MyDrive/Military_OD/outputs_full/runs/tail_oversampling_yolov8n_seed43_20260705_0300,yolov8n.pt,test
tail_oversampling,43,1,A400M,0.2498988387025089,0.20278906501985516,/content/drive/MyDrive/Military_OD/outputs_full/runs/tail_oversampling_yolov8n_seed43_20260705_0300,yolov8n.pt,test
tail_oversampling,43,2,AG600,0.3747822931785196,0.36380726898887267,/content/drive/MyDrive/Military_OD/outputs_full/runs/tail_oversampling_yolov8n_seed43_20260705_0300,yolov8n.pt,test
tail_oversampling,43,3,AV8B,0.34576665472287726,0.29920530106729937,/content/drive/MyDrive/Military_OD/outputs_full/runs/tail_oversampling_yolov8n_seed43_20260705_0300,yolov8n.pt,test
tail_oversampling,43,4,B1,0.3649348919618543,0.30027648406459084,/content/drive/MyDrive/Military_OD/outputs_full/runs/tail_oversampling_yolov8n_seed43_20260705_0300,yolov8n.pt,test
tail_oversampling,43,5,B2,0.5022111659294012,0.43626195143872615,/content/drive/MyDrive/Military_OD/outputs_full/runs/tail_oversampling_yolov8n_seed43_20260705_0300,yolov8n.pt,test
tail_oversampling,43,6,B52,0.27502898101292006,0.23379900820032176,/content/drive/MyDrive/Military_OD/outputs_full/runs/tail_oversampling_yolov8n_seed43_20260705_0300,yolov8n.pt,test
tail_oversampling,43,7,Be200,0.5821765001128959,0.5177203303445606,/content/drive/MyDrive/Military_OD/outputs_full/runs/tail_oversampling_yolov8n_seed43_20260705_0300,yolov8n.pt,test
tail_oversampling,43,8,C130,0.20873148507455275,0.17649897485040927,/content/drive/MyDrive/Military_OD/outputs_full/runs/tail_oversampling_yolov8n_seed43_20260705_0300,yolov8n.pt,test
tail_oversampling,43,9,C17,0.25537974685025455,0.21003355582912708,/content/drive/MyDrive/Military_OD/outputs_full/runs/tail_oversampling_yolov8n_seed43_20260705_0300,yolov8n.pt,test
tail_oversampling,43,10,C2,0.6605128540353054,0.6130389785818753,/content/drive/MyDrive/Military_OD/outputs_full/runs/tail_oversampling_yolov8n_seed43_20260705_0300,yolov8n.pt,test
tail_oversampling,43,11,C5,0.3598285745950315,0.29671313418045075,/content/drive/MyDrive/Military_OD/outputs_full/runs/tail_oversampling_yolov8n_seed43_20260705_0300,yolov8n.pt,test
tail_oversampling,43,12,E2,0.48110159537660513,0.3761610612359056,/content/drive/MyDrive/Military_OD/outputs_full/runs/tail_oversampling_yolov8n_seed43_20260705_0300,yolov8n.pt,test
tail_oversampling,43,13,E7,0.6515411701700362,0.5803517516847415,/content/drive/MyDrive/Military_OD/outputs_full/runs/tail_oversampling_yolov8n_seed43_20260705_0300,yolov8n.pt,test
tail_oversampling,43,14,EF2000,0.16958459761948658,0.152196439714267,/content/drive/MyDrive/Military_OD/outputs_full/runs/tail_oversampling_yolov8n_seed43_20260705_0300,yolov8n.pt,test
tail_oversampling,43,15,F117,0.4124924069843442,0.3790588347120614,/content/drive/MyDrive/Military_OD/outputs_full/runs/tail_oversampling_yolov8n_seed43_20260705_0300,yolov8n.pt,test
tail_oversampling,43,16,F14,0.07164245993256893,0.061712774825198304,/content/drive/MyDrive/Military_OD/outputs_full/runs/tail_oversampling_yolov8n_seed43_20260705_0300,yolov8n.pt,test
tail_oversampling,43,17,F15,0.15660303934398523,0.13572669170701152,/content/drive/MyDrive/Military_OD/outputs_full/runs/tail_oversampling_yolov8n_seed43_20260705_0300,yolov8n.pt,test
tail_oversampling,43,18,F16,0.31821111150271414,0.2577338483334512,/content/drive/MyDrive/Military_OD/outputs_full/runs/tail_oversampling_yolov8n_seed43_20260705_0300,yolov8n.pt,test
tail_oversampling,43,19,F18,0.24745571759371998,0.20572338842030158,/content/drive/MyDrive/Military_OD/outputs_full/runs/tail_oversampling_yolov8n_seed43_20260705_0300,yolov8n.pt,test
tail_oversampling,43,20,F22,0.14736749376235855,0.13283288901651708,/content/drive/MyDrive/Military_OD/outputs_full/runs/tail_oversampling_yolov8n_seed43_20260705_0300,yolov8n.pt,test
tail_oversampling,43,21,F35,0.3401132738480518,0.26453429503134784,/content/drive/MyDrive/Military_OD/outputs_full/runs/tail_oversampling_yolov8n_seed43_20260705_0300,yolov8n.pt,test
tail_oversampling,43,22,F4,0.1965733061243266,0.16155241281787674,/content/drive/MyDrive/Military_OD/outputs_full/runs/tail_oversampling_yolov8n_seed43_20260705_0300,yolov8n.pt,test
tail_oversampling,43,23,J20,0.38579558989364615,0.35373324269520745,/content/drive/MyDrive/Military_OD/outputs_full/runs/tail_oversampling_yolov8n_seed43_20260705_0300,yolov8n.pt,test
tail_oversampling,43,24,JAS39,0.17253957960423438,0.14527667488941126,/content/drive/MyDrive/Military_OD/outputs_full/runs/tail_oversampling_yolov8n_seed43_20260705_0300,yolov8n.pt,test
tail_oversampling,43,25,MQ9,0.5151287558072493,0.4116825115765132,/content/drive/MyDrive/Military_OD/outputs_full/runs/tail_oversampling_yolov8n_seed43_20260705_0300,yolov8n.pt,test
tail_oversampling,43,26,Mig31,0.2684979575254852,0.25903717521433034,/content/drive/MyDrive/Military_OD/outputs_full/runs/tail_oversampling_yolov8n_seed43_20260705_0300,yolov8n.pt,test
tail_oversampling,43,27,Mirage2000,0.14986693631497364,0.12812636723026805,/content/drive/MyDrive/Military_OD/outputs_full/runs/tail_oversampling_yolov8n_seed43_20260705_0300,yolov8n.pt,test
tail_oversampling,43,28,P3,0.26413944504068043,0.25992192154801586,/content/drive/MyDrive/Military_OD/outputs_full/runs/tail_oversampling_yolov8n_seed43_20260705_0300,yolov8n.pt,test
tail_oversampling,43,29,RQ4,0.3016495405372181,0.21103649010387854,/content/drive/MyDrive/Military_OD/outputs_full/runs/tail_oversampling_yolov8n_seed43_20260705_0300,yolov8n.pt,test
tail_oversampling,43,30,Rafale,0.09009640237272973,0.07558431213304487,/content/drive/MyDrive/Military_OD/outputs_full/runs/tail_oversampling_yolov8n_seed43_20260705_0300,yolov8n.pt,test
tail_oversampling,43,31,SR71,0.28768482786766436,0.2571243328802282,/content/drive/MyDrive/Military_OD/outputs_full/runs/tail_oversampling_yolov8n_seed43_20260705_0300,yolov8n.pt,test
tail_oversampling,43,32,Su34,0.2862717154346151,0.24354548121897776,/content/drive/MyDrive/Military_OD/outputs_full/runs/tail_oversampling_yolov8n_seed43_20260705_0300,yolov8n.pt,test
tail_oversampling,43,33,Su57,0.2088951381829291,0.19249247951484882,/content/drive/MyDrive/Military_OD/outputs_full/runs/tail_oversampling_yolov8n_seed43_20260705_0300,yolov8n.pt,test
tail_oversampling,43,34,Tornado,0.17532034399855673,0.16172270698525265,/content/drive/MyDrive/Military_OD/outputs_full/runs/tail_oversampling_yolov8n_seed43_20260705_0300,yolov8n.pt,test
tail_oversampling,43,35,Tu160,0.38961792074323587,0.2922846155108235,/content/drive/MyDrive/Military_OD/outputs_full/runs/tail_oversampling_yolov8n_seed43_20260705_0300,yolov8n.pt,test
tail_oversampling,43,36,Tu95,0.2525,0.21161666666666665,/content/drive/MyDrive/Military_OD/outputs_full/runs/tail_oversampling_yolov8n_seed43_20260705_0300,yolov8n.pt,test
tail_oversampling,43,37,U2,0.18349707602339183,0.16357538126361656,/content/drive/MyDrive/Military_OD/outputs_full/runs/tail_oversampling_yolov8n_seed43_20260705_0300,yolov8n.pt,test
tail_oversampling,43,38,US2,0.5720604113097529,0.4848239114140734,/content/drive/MyDrive/Military_OD/outputs_full/runs/tail_oversampling_yolov8n_seed43_20260705_0300,yolov8n.pt,test
tail_oversampling,43,39,V22,0.36843021790627734,0.2618468504475709,/content/drive/MyDrive/Military_OD/outputs_full/runs/tail_oversampling_yolov8n_seed43_20260705_0300,yolov8n.pt,test
tail_oversampling,43,40,Vulcan,0.4004806969176416,0.380880681434633,/content/drive/MyDrive/Military_OD/outputs_full/runs/tail_oversampling_yolov8n_seed43_20260705_0300,yolov8n.pt,test
tail_oversampling,43,41,XB70,0.5285866301083693,0.474566221811874,/content/drive/MyDrive/Military_OD/outputs_full/runs/tail_oversampling_yolov8n_seed43_20260705_0300,yolov8n.pt,test
tail_oversampling,43,42,YF23,0.49675151350862917,0.47665703442667384,/content/drive/MyDrive/Military_OD/outputs_full/runs/tail_oversampling_yolov8n_seed43_20260705_0300,yolov8n.pt,test
